tweet,language,mentions,urls,photos,replies_count,retweets_count,likes_count,hashtags,quote_url,video
@Salman_Faden 😂😂😂😂 .. لعبت كل شي مع اخواني ي رجال بس اتخيل نفسي وانا منفرد واشتاق,ar,[],[],[],0,0,0,[],,0
بما ان بكره راح يلعب استون فيلا مع تشلسي تعالوا نرجع للذاكرة   موسم ٢٠٠٧/٢٠٠٨  لعبت مباره بين تشلسي و استون فيلا  انا عن نفسي ما انساها ابدا   مباراه اقدر اسميها ملحمه كرويه  انتهت ٤/٤  الي ما شافها يشوفها هنا ما راح يندم  https://t.co/6BCWKV7mK5,ar,[],[],[],3,4,17,[],,1
@rico4_ ابغى اسوي حمام مغربي صراحه الولاده لعبت حبسبتي لعب حسيت اني ذبلت مره مدري وش صار كني طالعه من حرب مع ان ولادتي قيصري يعني لو طبيعي وش كان سويت + ابغى بداكير خلاص ايديني ورجولي يطلبون الرحمه قلت بعتمد على نفسي واسوي بداكير بالبيت طلبت من شي ان ولها 3 شهور وللحين ما وصلت 🥺🙂💔,ar,[],[],[],0,0,0,[],,0
اذكر مره لعبت مع كبلز ف ببجي اعرفهم وقعدو يختارون اسامي ينادون بعض فيها وانا قطيت نفسي وقلت وانا وش تسموني  وللحين احس اني مسخنه كلاووننن وين ما اكون 😔😔😔,ar,[],[],[],0,0,0,[],,0
تو لعبت مع ناس سبايك ودي انظف نفسي بلعب زين,ar,[],[],[],3,0,0,[],,0
@tCHhTsGJMuZDYcJ @SalahBatis تحتاج طبيب نفسي ضروري أو الكورونا مع الحرارة المرتفعه لعبت بالاعدادات,ar,[],[],[],0,0,3,[],,0
@Osamh_fut انا افضل لاعب لعبت مع نفسي,ar,[],[],[],0,0,0,[],,0
@SaRa92297 لج لو تشوفين الايميل الي دزيتلهيا لعبت نفسي من نفسي 🤣🤣🤣كتبتلها مع فائق الاحترام والتقدير 😂😂😂😂😂,ar,[],[],[],1,0,1,[],,0
@ZeyadaA7med 😂😂اسكت لعبت مع ناس كرهوني في نفسي فخرجت😂😂🤦,ar,[],[],[],1,0,1,[],,0
@M678i المهم اني لعبت مع نفسي و استانست,ar,[],[],[],1,0,0,[],,0
@MithosQ8 حسيت مع الأشياء الي قدموها أن الأستوديو منتهي ما أعتبر نفسي لعبت ألعاب بوكيمون كثيرة بس sword /shield بنسبالي كانت ممتعة ومرضية بس تحطمت في الأخير بسبب ال DLC's الي نزلت لها.,ar,[],[],[],0,0,0,[],,0
@ABDULLAH2899 الحمدالله علي التربية طبعا و ده الفرق بين ولاد الناس ولاد الشوارع انا كان في بيتنا قديم جنينة فيها كل لعبي كنت بنت ناس اوي عشان كده طلعت مغرورة مش من فراغ عمري ما لعبت مع اطفال في نفسي 😂😂😂,ar,[],[],[],1,0,0,[],,0
@Bad00ra1 ولج شفت صواريخ يخبلن بالجمال وهسا اني اتحسر واقول دافن نفسي مع ام الچقاير لوين خل اشوف نفسي مو لعبت روحي مجابل وجهها,ar,[],[],[],1,0,1,[],,0
@ahmadraafat23 @EmaLinuxawy @a7madMgdi_ انا الهدف من الليله دي كلها ال k8s فعلا. و اني اخلص CI/CD كامل مع نفسي لاني مجربتش اظبطها كلها قبل كدا و طلبت raspberry pi الجديده ال 8GB دي علشان العب عليها براحتي بدل ما ادفع علي سيرفرات بروداكشن ويبقي منها لعبت بالـraspberry pi بردو,ar,[],[],[],1,0,3,[],,0
فيني طبع التخّلي يمكن بسبب طفولتي كانت امي تعاقبني بشكل قاسِ و غالباً اكون لحالي فـ كان الطُز اكثر شيء يشتغل عندي واكمل اطلع لي لعبه من تحت الارض لو اسولف مع نفسي كذلك بالابتدائي اي صديقه تبعد اتركها لدرجة اذكر ادخل المدرسة اطلع ما لعبت مع احد,ar,[],[],[],1,0,0,[],,0
@anasebraheem كلام عمي ابو انس يذكرني بكلام البطرانين من الشيوخ الفتنة مال اهل كبل فرس ومجوس ومن هاي السوالف  والعمايم الي يكولن نواصب وهابية كلام عمي ابو انس وصاحب التعليق مع احترامي ثنينهم بطرانين واني  لعبت نفسي من هل سوالف التغث ودا افكر الغي التويتر لان دائما اشوف هل كلام,ar,[],[],[],0,0,0,[],,0
@2i__m نفسي لعبت مع خالتي وجبت خمستين ومستانسة وهي كل الحبوب الباقية معها رحمتني و صارت اذا جابت وحدة وطاحت عندي تقول خوذيها 😭😭,ar,[],[],[],0,0,0,[],,0
@ihateyouallkkk تذكرت مرة لعبت مع واحد ببجي وكنت كاتمة الصوت وكان يقول لاتروحون هناك ويخاصم كتبت له ايش دخلك اروح المكان اللي ابغى قام يقول لي ك*س امك ويسببب الله ياخذه والله م اسامحهه جد نفسي افهم ليه كل مره ينحشرون يدخلون الام والاخت ف الموضوع وربي قلة ادب الله ياخذهم بس,ar,[],[],[],0,0,0,[],,0
لعبت الجزء الثاني ريميك وكان حلو رعب  نفسي مع ثانوس والسحلية 😂💔 المهم اني متشوق ل الثامن عقب اني ما اعرف عن قصة السلسلة بالشكل المطلوب  ، التعريب ( ترجمة )شيء مطلوب لفهم القصة والالغاز انا انجليزي عندي زبالة ف ماقدرت استمتع بالغاز RER2 💔 #ResidentEvil8VillageArabic  https://t.co/diriDGEsHc,ar,[],[],['https://pbs.twimg.com/media/EakZAzyXQAIZ9ZO.jpg'],0,2,6,['residentevil8villagearabic'],,1
@mmgghaygv والله اذكر لعبت مع واحد يقول الي يجيه شغل بتبوك ويخلص يصير ما وده يطلع منها وخلاص يسكنها وكنت اقول الله اكبر نيويورك في نفسي طبعاً بس يوم شفت الصور والفديو يووه يووه 😭🔥,ar,[],[],[],0,0,0,[],,0
فيرناندو هييرو 🇪🇸 : أنا أعتبر نفسي محظوظا لعدم لعبي ضد ليونيل ميسي (يضحك)، عندما كنت طفلا كان دييغو مارادونا هو قدوتي، أستطعت التخلص من أحدهم ولكنني لعبت مع الآخر، ما يفعله ميسي في السنوات ال15 الأخيرة أمر غير عادي.  https://t.co/xOBOQ2Fo43,ar,[],[],['https://pbs.twimg.com/media/EagzUo4WsAEwF3L.jpg'],0,0,3,[],,1
الآن لعبت كونكت فور مع نفسي وكسبت نفسي  https://t.co/K7KR1rx5nO,ar,[],[],['https://pbs.twimg.com/media/EaguysCWAAA6s4K.jpg'],1,0,6,[],,1
فيرناندو هييرو 🇪🇸 : أنا أعتبر نفسي محظوظا لعدم لعبي ضد ليونيل ميسي (يضحك)، عندما كنت طفلا كان دييغو مارادونا هو قدوتي، أستطعت التخلص من أحدهم ولكنني لعبت مع الآخر، ما يفعله ميسي في السنوات ال15 الأخيرة أمر غير عادي.  https://t.co/fQt9IdwYiO,ar,[],[],['https://pbs.twimg.com/media/EagnOTMXgAADrAL.jpg'],0,4,11,[],,1
@julinkhaleel غايتو اذا لعبت مع ناس لو انا لعاب بلونين بقتل نفسي 🤣🤣🤣🤣🤣,ar,[],[],[],0,0,0,[],,0
مهام اليوم : لعبت مع اخواني ✔️ تقهويت مع اهلي ✔️ غسلت سيارتي ✔️ خلصت اغراضي ✔️ (اللي ما انجزته ) اتابع حلقتين من مسلسلي  قهوة ثانية مع نفسي العب بلايستيشن  اتابع مسلسلي انام,ar,[],[],[],0,0,0,[],,0
لعبت مع واحد بولة طرنيب دلوقت سد نفسي عن الحياة أكتر ما هي مسدودة,ar,[],[],[],2,0,0,[],,0
@AbsoluteKhattab لا لا انا ما بخت نفسي في حتة زي دي مع البنات بسبب الحياء في التعامل والاحتشام في الكلام لكن لعبت الكبير ياكل مع صحبي وغلبتو لأول مرة في حياتي,ar,[],[],[],1,0,1,[],,0
ملقتش حد العب معاة لعبت مع نفسى ومحدش صاحى الا جراحى 💔😂😂😂😂😂😂  https://t.co/XGqqqF4SAy,ar,[],[],['https://pbs.twimg.com/media/EaRpLlaWsAAPY63.jpg'],1,0,4,[],,1
اخر اصدار عندي كان بلايستيشن ون 😪... اصلا عادي من زمان ما لعبت و لا افتكر كيف يتلعب فيه مع انو نفسي #PS5  https://t.co/GvcVXcKjn4,ar,[],[],['https://pbs.twimg.com/tweet_video_thumb/EaRWdIWXsAcNvnI.jpg'],1,0,1,['ps5'],,1
لعبت مع كبلز في ببجي ومن الغثيان الي جاني رحت فجرت نفسي والبنت قالت احسن كانت قاهرتني لان معاها ام فور السحليه !!  https://t.co/GlmrTFpjCW,ar,[],[],['https://pbs.twimg.com/media/EaMN6hbXYAYAAFL.jpg'],0,0,1,[],,1
لعبت سلم و تعبان ٤ أدوار مع نفسي كسبت ٢ و خسرت ٢ 😎💙,ar,[],[],[],0,0,5,[],,0
@ihhhro نفسي لعبت مع وحده وحبيبها واندمجت بالسوالف معه وهي طول القيم صمت اخرتها انفجرت البنت وقالت وجع فيصل جازتك شهد وتهاوشوا عندي وانا صمت اخرتها قلب فيصل السياره فينا كلنا وتفنشنا,ar,[],[],[],2,1,2,[],,0
@Mesh_VB اللعبة قتلتها المقارنات البايخة مع ديفل عن نفسي لعبت الثنتين واستمتعت وماهتميت بالموضوع,ar,[],[],[],1,0,0,[],,0
احب اشكر نفسي اني ما لعبت ببجي واني ما هبيت مع حقين ستار بوكس,ar,[],[],[],0,0,0,[],,0
@vellx_n لا والله من جنبها اذكر اخر مرا لعبت مع ولد خالي وكذب علي وصرت اسجل ع نفسي😭😭😭😭,ar,[],[],[],1,0,0,[],,0
نفسي كان يكون عندي شافع او اخت في الحجر دا كان لعبت بيهم واتصارعت معاهم، ما بقدر ا تصارع مع كديستي بتديني احساس انها حامل أقوم اشيل ذنبها و ذنب الفي بطنها كمان.,ar,[],[],[],0,0,1,[],,0
@army_aridj @seriously90 اريج العبة لعبت رعب جمب سكير وا نفسي وا شويت تخفي ومع وحوش تخوف وا اماكن ترعب وا مع زومبي او اشي زي الزومبي وا اسلحة 🌝🌝💔💔بس الطلق قليل فا بدك تحاولي قد ما تكدري ما تستخدمي الاسلحة,ar,[],[],[],1,0,2,[],,0
"لعبت مع نفسي لعبة جمل تتقال في الكذا والكذا وعمالة اضحك فشخ هو الsolo ده, أنا دمي خفيف على قلبي أوي",ar,[],[],[],1,0,4,[],,0
لعبت مع تيم اتوقع حالياً يدعون عليا ههههههههههههههههههههههههههههههههههههههههههههههههههههههههههههههههههههههههههههههههههههههههههههههههههه مرتين اُقصيت الثالثه جيت بفجر واحد فجرت نفسي😭😭😭😭,ar,[],[],[],2,0,5,[],,0
ببجي!  يس ابد ما توقعت نفسي ألعبها أبد هههههههههههه كنت اسولف مع واحد ياباني بعدين قال جربي تلعبين ببجي قلت ناه ما احب هذه الألعاب وحتى لو لعبت أنا نوب قال بساعدك و اصر بعدين حملتها ولعبت ههههههههه كان فله صراحه وعلمني، وبديت أتعلم بس ستِل مبتدئة 😂💕,ar,[],[],[],2,0,0,[],,0
خلاص وقولت أبطل علوقية وكسل شوية وافصل عن النت وارجع العب كورة واعيد ذكريات تانية وتالتة ثانوي لعبت اسبوع تمام فشخ وبشتغل ع نفسي جامد عشان ارجع الفورمة واللياقة من تاني في الماتش داخل اشتراك في كورة هوائية مع الخصم نزلت غلطت ع الارض ركبتي اتفشخت يارب ما يطلع اللي بالي 😭😭😭😭😭,ar,[],[],[],0,0,3,[],,0
@Ksa20Roro 🙈كنت أحسب نفسي لعبت كل الأجزاء الكلاسيكية مع أني بدأت من الجزء الأول,ar,[],[],[],0,0,0,[],,0
@albattar_ksa تعني لما العب مباراه مع نادي سدوس وفكر نفسي لعبت مع ريال مدريد😜,ar,[],[],[],1,0,0,[],,0
قعدت و لعبت مع نفسي و نمت و صحيت و نمت و صحيت و ساني باقي نايمه ! !,ar,[],[],[],0,0,0,[],,0
@fut_fifaa ابي اسوي نفسي زعلان معكم مع اني ما لعبت 🤫😂  https://t.co/brgsszfbK2,ar,[],[],[],0,0,3,[],,1
@Mr_Mahmo00od 😹😹انا اندهدر اذا لعبت مع حد العب مع نفسي اكثر شي🌞😂😭 لعب مال فراغ بس م من المحترفين ترا😂😂😂😂,ar,[],[],[],1,0,0,[],,0
@alhisad_sport @MohammadAlDarae @Nabeel_A_A @k_alsh3laan وقسم باللله نفسي لعبت لما اشوف يوميا  الاشكال دي. من الجمار الي العبود الي الذايدي   اما الشعلان قمه في كل طرحو. اما البقيه مجرد مشعين. هلاليين. جاين  مسوين فيها نقاد وهم من جمبها  طيب الي متي. مع ذول الاشكال,ar,[],[],[],0,0,0,[],,0
@Basem_Beshay @mooooora777 انا لعبت خمسة مباريات احرزت خمس اهداف وبعد كدا الاصاابة هى اللى اخرتنى وملعبتش عشان كنت فى الجبس ...انا لعبت مع ك الجوهرى منتخب مصر ومع ك فاروق  ومع روتر ومع شحتة مش معقول مش هثبت  نفسى مع الزمالك ..كل لاعب وله ظروفة  كل سنة وانت طيب ...انا زملكاوى  وعندى 170 هدف فى مسيرتى,ar,[],[],[],1,0,3,[],,0
#التحديث_الجديد لعبت البارح مع تيم سانهوك الا واحد يقول امشو نتعبد  وتوي ادري ان فيه بلعبة ببجي كذا راح قدامنا الاصحيح يسوي حركات قدام الصنم عشان ياخذ لوت هي صحيح لعبه لاكن الدين مابه مزح ياناس بلعبة ولا بغيرها وانا عن نفسي حذفتها،,ar,[],[],[],0,1,0,['التحديث_الجديد'],,0
لعبت جيم ببچ مع بنتين أندر إيدچ وعهد الله اننا سيبت اللعب وبقيت بسمع القصص بتاعتهم واكتر لقطه شدتني وهي بتقولها بس انتي غلطانه انك خدتى الواد منها تقوم ترد تقولها ده انا قولتله بحبك بس في اللحظه دى صعبت عليا نفسي وخرجت من الجيم😢😢,ar,[],[],[],1,0,5,[],,0
@IIAGlI لعبت قيم مع بزره وتقلي لا تخرجين الين ما اديك حسابي لان داخله من جوال اخوي وسويت نفسي مسمع وسحبت عليها ووالله حتنا مدري ليش جالسه اكتب باي,ar,[],[],[],0,0,0,[],,0
@saadinLONDON والله سعد لعبت نفسي وحسيت بخفقان من الحوار والطرح الطائفي ... مع الأسف,ar,[],[],[],1,0,1,[],,0
ارمي لعبت مع فان بوي ب لعبة لودو خليني اقولكم السالفه لعبت ولا اسمع صوت ولد يا BTS ناديني مرتين😂😂  انا مسميه نفسي ب لعبة لودو BTS ارمي بوراهي الزبده قالي انا احب جونغوك. وان قصت شعره مثل شعر جونغوك القديم الطويل وقالي هو وشيحط على شعره قلت مادري قال الا انت تعرفينه قلت ماعرف  https://t.co/suguNXOcm8,ar,[],[],"['https://pbs.twimg.com/media/EZcVQQAWoAQwtIV.jpg', 'https://pbs.twimg.com/media/EZcVQRPWAAEQZUX.jpg']",0,0,1,[],,1
@Ghonemi @3abdelrahmaaan لعبت مع شيكابالا خماسي يا غنيمي؟ نفسي أعرف عامل ازاي هو في الخماسي,ar,[],[],[],1,0,0,[],,0
لعبت جيم جامد مع حد وكسبته بدماغي ويستاهل تحيه جامده ب امانه، بما إن محدش عارف حاجه ف انا هحيي نفسي👏,ar,[],[],[],2,0,12,[],,0
"هذا التصريح يجسد واقع وحال جيرارد مرت فترات كان يلعب معا ١٠ خشبات : كنت عادةً أسأل نفسي , هل هؤلاء اللاعبين يهتمون بليفربول ؟  هل يتألمون مثلي عند الخسارة ؟ ""لعبت مع بعض اللاعبين الذين لايتألمون.!😔  https://t.co/R6SDauFN3n",ar,[],[],['https://pbs.twimg.com/media/EZREV2ZWsAE28SL.jpg'],0,0,1,[],,1
صحيت من النوم الساعه ٩ و بعد محاولات مطوله لتحفيز نفسي قمت من السرير الساعة ١٠ و نص تقريبا .. افطرت و لعبت مع بنت اختي و رقصت و حطيت ماسك على وجهي و احين جالسة اسمع محمد عبده و اكل سناكي المفضل موز مع فول سوداني اللي يجي مع التوت البري و بذور اليقطين و الشيا من قودي جربوه لذيذ,ar,[],[],[],1,0,0,[],,0
@BahaaHabes عليم الله التزمت اول اسبوع بعدين جد صار نفسي اقعد بالدار غير لما انام😂😂😂 غير انه اول امبارح لعبت شرطه حراميه مع الشرطه اي ركضت ركض😂😂💔,ar,[],[],[],1,0,1,[],,0
الصحفي: ماهو شعورك عندما لعبت اول مباراة مع ميلان   ابراهيموفيتش: للصراحة ظننت نفسي ميسي ولعب مع منتخب الارجنتين 😂😂😂💔  https://t.co/m2H2Vdn6wC,ar,[],[],['https://pbs.twimg.com/media/EZNGGWAWkAMe_ne.jpg'],0,0,1,[],,1
@doossary0599 @s0ull اي روين بيصير ثابت مع هالكيلر ٫ اما بخصوص باربكيو احس حرام اعلق وانا اقدر اختصر ع نفسي 🌚💔 عشان كذا اذا لعبت فيه ماراح اعتمد ع نقاط بيصير حق تغيير مو حرق,ar,[],[],[],1,0,0,[],,0
بسجلها بالتاريخ لعبت مع اخوي البزر فيفا وخسرت مرتين الثالثه شلت نفسي وانسحبت,ar,[],[],[],1,0,0,[],,0
لعبت كوره النهارده مع العساكر ، وحقيقي صعبان عليا نفسي وزعلان من اللي عملتوا في نفسي فشخ  ازاي لياقتي بقت سيئه كده وبقيت بنهج بسرعه   عشان كده قررت اني ارجع اجري كل يوم لغايه ما لياقتي ترجع احسن من الأول,ar,[],[],[],3,0,3,[],,0
كل عودة نعم بها قابي كانت أشبه بسياط تجلد عقلي دون رحمة.. لم أملك من تصرفاتك مايسعفني للصلح بيني وبين نفسي.. كنت أعرف جيدا مع كل خصام من منا الجاني.. ولكني لعبت دور المعتذر على مضض.. ليس كرها فالاعتذار بل عدم اقتناع بالعودة لمن خذلني دون مبرر.. كان أي جرح فيك ينزف خصاما لاينتهي..,ar,[],[],[],0,0,0,[],,0
انا خليتك تقفل حسابك، وخليتك تسوي هالحساب وتجي تصيح عندي وتسوي نفسك انك امك وتقول عن نفسك انك ممسوك. اكيد بصدق نفسي لاني لعبت بنفسيتك لعب وخليتك تمشي تكلم نفسك من شهر. الحين مشكلتي مع الجامعة، اما انت خليتك تزغل على عمرك بتغريدة، مع انك كنت تهدد السعوديين. وارجع اقولك، طز بفلسطين,ar,[],[],[],3,1,1,[],https://twitter.com/lulumoh01820676/status/1265713786226425856,0
@kermina64 هوshareعبيط.. بس الأسبوع اللي فات، قضيت عيد ميلادي ف لبس حلو مع نفسي... و طبخت اكتر اكله بحبها، كلت كتيييير 😂 و لونت رسمة لليوم و علقتها ف الأوضة، مافتحتش سوشيال ميديا و عملت الthanks list..و الwish list و فتحت اجتماع الصلاه و لعبتmusic و yoga.. و ماردتش غير على كام حد فارقلي😌,ar,[],[],[],1,0,2,[],,0
ثروباك لما لعبت مع اسبانيين كنت احسب بلقاء اصوات حلوه تفتح نفسي وربي انخرشت مع اللهجه حقتهم وسحبوا علي لين م فتحت المايك اهوش عليهم,ar,[],[],[],0,0,0,[],,0
الحمد لله لعبت تنس مع أخوي قبل شوي و فزت عليه بـ شوطين و إنهزمت منه بـ أثنى عشر شوطاً حراً نقياً لأني زودت نفسي في الشوطين إلي فزت فيها 😁,ar,[],[],[],0,0,0,[],,0
مع أحترامي للأذواق وأعتزازي بعادات الناس، أحب أكول المسموطة عبارة عن لعبان نفس، مرة انعزمت شمال البصرة عليها، ومدري شلون تحملت ريحتها شي ميطاق وطعمها مقزز، ومن عرفت طريقة أعدادها لعبت نفسي وهمزين متقيأت يم المعازيم..   https://t.co/Ov8gA5FTKO,ar,[],['https://twitter.com/1Hesoka/status/1264883314864914432?s=19'],[],0,0,0,[],https://twitter.com/1Hesoka/status/1264883314864914432?s=19,0
حلقت اخواني بالبيت وابدعت فيهم واحد طلع كأنه تومي شلبي 😂 بس مع الاسف لعبت في نفسي وطيرت نص الشنب وكل الاحداث بالسناب ..  https://t.co/u37vo9DQQS,ar,[],[],['https://pbs.twimg.com/media/EYvKbF9XQAEKpxb.jpg'],0,0,0,[],,1
"@bo3ayed16 يبارك ب عمرك حبيبي عايد ❤️ , هههههههههههههههههههههههههههههههههههههههههههههههههههه شدعوه عن نفسي مستانس لاني لعبت مع اخواني بليدرز 💙💙.",ar,[],[],[],1,0,0,[],,0
@PainkillerQ8 @mafiagame انا عن نفسي لعبت الثالث وحاليآ اعيد ذكرياتي مع الثاني,ar,[],[],[],0,0,1,[],,0
اكتشفت اكتشافات في ببجي ل نفسي : -اذا قفلت المايك لا افكه لاني اتفشل  -اذا فيني النوم وقفلت المايك اقص يدي ولا افك المايك  -اذا قلت رد غبي وطلع مني لا اراديًا اطلع من القيم افضل وما العب مع الناس اللي لعبت معهم 😣😣😣,ar,[],[],[],2,0,2,[],,0
@kingyi17 لعبت ون وتو مع اني مب من جيلهم بس دفيت نفسي معهم,ar,[],[],[],0,0,0,[],,0
صاحي ممغوص قررت العب عشان اروق بس للاسف لعبت مع اثنين واضح تو متعرفين على بعض ويحسبوني اجنبي البنت تموت اعيشها يقول الولد نو نو ماي لوف دونت تتش.. الله يمغصك انت وهي ابي افوز انا.. وسندرله كل شوي تموت وتصرخ تنادي سوبر مان حقها.. المهم خسرنا وقعدت الطم نفسي 🙂💔 حياه بائسه,ar,[],[],[],0,0,0,[],,0
كنت بدي افطر تسئيه وفول وفلافل بالمليحه بالحي يلي نقصف فيه بيتنا، كان نفسي صور الولاد وهنن عم يلعبو بالمراجيح وصواتهم معبيه المكان، (قويها بالشده ما مننزل الا بقتله) بالمناسبه المراجيح كانت لعبت الغني والفقير، نطلع بعد الفطور نكون جمعنا العيديه ونروح قدام بيتنا نلعب مع ولاد الحي  https://t.co/RJHZxxCCFt,ar,[],[],"['https://pbs.twimg.com/media/EYYDWo5WsAAg8HY.jpg', 'https://pbs.twimg.com/media/EYYDXLhWAAEb0Ej.jpg']",1,0,3,[],,1
من الملل لعبت مع نفسي هند واقول حق ابوي توهقت بورقه يقوللي قطيها محد يدري😂😂😂😂😂,ar,[],[],[],2,0,0,[],,0
لعبت مع نفسي امونق اس من الايباد ومن جوالي واذا طلعت الامبوستر فوزت نفسي واتهمت الناس على اساس اني شخصين مختلفين واذا احد قتلني من اي جهاز رحت ابلغ بالجهاز الثاني واقول اي ساو هم  Yah I’m nothing like normal,ar,[],[],[],2,0,1,[],,0
اكثر شيء ندمان عليه ذي الفتره اني لعبت كل اجزاء نارتو من سوني ٢ الى سوني ٤ وحرقت على نفسي ٨٠٪ من احداث الانمي والله غبببنه الحين اتابعه بدون متعه وعارف كل شيء بيصير مع ان باقيلي ٣٨٠ حلقه,ar,[],[],[],0,0,2,[],,0
"_ لعبت قبل كده مع واحد صحبي زملكاوي , المهم كنت فايز 6-0 والدقيقه 85 .. عملت ضربه جزاء علشان أفوز 6-1 واتريق عليه بنتيجه الأهلي ع الزمالك الشهيره , راح مضيعها قصد والماتش قلب باني عاوز أجيب هدف ف نفسي وهو اللي بيدافعلي😂😂_",ar,[],[],[],0,0,4,[],,0
أنا نفسي اشتري كلب أوي تقريبا ده أكتر حاجة نفسي فيها بس ماما لما عرفت مرة وأنا راجعة من الكلية لعبت مع كلب في الشارع فضلت غضبانة عليا يومين🙂💔,ar,[],[],[],0,0,2,[],,0
ابدا ما لعبت مع سعوديين نفسي اجرب اشوف قد ايش توكسيك,ar,[],[],[],0,0,0,[],,0
بعد تفكير طويل مع نفسي قررت لا لاني اكتشفت يوم شريت البلاستشين ما لعبت فيه الا مرتين والحين مغبر بغرفتي 🦦,ar,[],[],[],0,0,0,[],,0
@3A_RFF @_nl55 عن نفسي لا سويت قلتش ولا لعبت مع هكر ولا سويت شي يارب ما اتبند انا كمان,ar,[],[],[],1,0,1,[],,0
اللي يزعل انه زمان بينت لي اني افتريت عليها و قلت كلام كذب و زعلت و عصبت و قاطعتني ايام بس ف الهاية طلع كل اللي قلته زمان صح بس لعبت ف نفسيتي و شككتني ف نفسي و حسستني اني شخص مزري ووقح و يسيء الظن دايماً و خلتني اعاني مع افكاري ايام لكن ف النهاية الحقيقة تظهر,ar,[],[],[],0,0,0,[],,0
أنا من الزهق لعبت 30 جيم شطرنج مع نفسي .,ar,[],[],[],0,0,0,[],,0
@elulesa نفسي اذا لعبت راندوم مع خرفان,ar,[],[],[],0,0,0,[],,0
@football99999 ويجيك واحد مريض نفسي مثل السنتوره يقول الانجليز لم يعلمو اننا نلعب الكره الا عندما لعبت مع وولفر خمس مباريات وينزلونن آخر خمس دقايق 😂😂😂😂,ar,[],[],[],1,0,0,[],,0
@abady_ahli @he2006ba @meej_9011 مع كل المحبة والتقدير لابو خطاب .. هل حصل ولمح اي لاعب هلالي بتمنياته او مدح الاهلي !! المثالية الزايدة وربما لارضاء جميع الرياضين تؤثر على داعميك ومحبيك .. تخيل لاعب في نادي غير الاهلي يقول لو لعبت مع الاهلي بسوي كذا وبحقق كذا !! المفروض يقول ماتخيل نفسي الا في الاهلي وخلصنا 😊,ar,[],[],[],2,0,0,[],,0
هههههههههههههه انا مره لعبت مع نفسي وانهزمت  وجلست ابكي تحت الشور.,ar,[],[],[],0,2,1,[],https://twitter.com/naifalmutair/status/1259395508554129409,0
@III2407III عادي نفسي، لعبت مع خواتي وخسرت😢,ar,[],[],[],1,0,1,[],,0
الحمدلله بعد جلسات كثيرة مع نفسي قررت اليوم بعد الفجر أحمل ببجي والله يعين اللي بيدربوني لأن جد ما أعرف فيها شيء ولا قد لعبتها ولا لعبت شيء يشبه لها,ar,[],[],[],1,0,0,[],,0
@__alreham وربي صادقه امس لعبت مع اخوي وقلبناها هوشه اخر شي بس افا عليك صفقته بنعال ع وجهه وقفلت ع نفسي الباب 😭😭,ar,[],[],[],1,0,0,[],,0
@ru9r0 يلعىْهم يختي حتى وانا مسوية نفسي ولد لاحقني الهم! لعبت امس مع واحد قالي كىىى امك مارديت عليه قام طلع!😭,ar,[],[],[],1,0,0,[],,0
مقدرت، رجعت حملت ديستني مع اضافاتها، ما بكون راضيه عن نفسي لو ما لعبت الريد فيها,ar,[],[],[],4,0,9,[],,0
@Mabo_nasr منا خلاص لعبت مع واحدة جيمين بابجي فاعتبرت نفسي بفهم ف النسوان خلاص,ar,[],[],[],1,0,0,[],,0
انا ودي العب ببث بس مقدر بالوضع الحالي ونت فور جي وصراحة مغبون لأن الناس تلعب وتفتح بالبثوث وانا بس اتفرج حرفياً اللعب بالنت اللي عندي غير قابل للعب فمابالك مع ثقل اللعبه ومتأكد من نفسي لو لعبت راح اكسر شئ فيني او جنبي وما ودي هالشئ يصير هاذي تشكيلتي ما دفعت ولا ريال على اللعبه  https://t.co/DyEpf0EV2U,ar,[],[],"['https://pbs.twimg.com/media/EXaaM85XkAUBc12.jpg', 'https://pbs.twimg.com/media/EXaaM87WoAUKaA6.jpg']",1,0,0,[],,1
لعبت مع واحد كويتي قاعد يقولي يالبوليفارد ع اساس يبي ينرفزني وش هالحقد والمرض النفسي ؟؟؟  عن نفسي اشوفه مايمثل الكويتين مريض هذا !,ar,[],[],[],0,0,0,[],,0
@amerbagdad2017 ذهبت  مع ابي الله يرحمة للديوان. وراعي المضيف أعطى كل الجالسين قهوة. وانا لم يصبلي قهوة. باعتبار انا صغير ولم يهتم الي. تعرف ماذا فعلت بس. خرجوا من المضيف رحت لدلات الكهوة كلهم كلبتهم وشربت حتى لعبت نفسي بدون علمة. هذا التأثير  والإهانة لاتعتقد ينساها بسهولة.تاثير   نفسي بشخصيتة,ar,[],[],[],0,0,0,[],,0
لعبت مع ريماس 10 دقايق بعدها فضلت ماشية ورايا فكل حته وبتقولى عاوزة تلعب معايا كزا وكزا وكزا .. والتمست فيها نفسي وقد ايه الانسان بطبعه بيتعلق باللي حواليه بسرعه :'),ar,[],[],[],0,0,11,[],,0
@Reemaialothman امس لعبت مع ناس يعرفون يلعبون حسيت نفسي 💩,ar,[],[],[],1,0,0,[],,0
صباح الخيرات .  لعبت مع تيم كوردي ، ياجماعه احسهم يسبونن😂😂😂😂 اسمع اسمي واسمع سعودي ، ويضحكون 😂😂😂😂😂قررت اتعلم كوردي بسبتهم  حسيت نفسي مثل غبي بينهم .,ar,[],[],[],1,0,1,[],,0
انا لعبت مع نفسي 😁🤣لاتدققون مابعد نمت 😰الحجر وافعاله  #من_لعب_عليهم  https://t.co/UBzGkIUIin,ar,[],[],[],1,1,2,['من_لعب_عليهم'],,1
انا فرغت المشاعر السلبية ب استبيان المقررات وسفلت بأبو التخصص واي دكتورة لاعبة بدرجاتي لعبت بتقيميها مع انها ماتهتم بس كذا انا احس اني انتقمت منها خلوني اخدع نفسي,ar,[],[],[],1,0,0,[],,0
وكلها ترجع هل هي نية حب؟ ولا نية خوف؟ هذا الشي البسيط خلاني اوعى كثير على اشياء كنت اسعى لها وما القى مبرر لتعسرها في حياتي..لمن قعدت مع نفسي وتفحصت على مثال بسيط ليش مهما لعبت رياضه جسمي مو قاعد يضعف؟ ببساطة نيتي الاصلية كانت خوف من السمنة..مش حبا للنفسي بصحة جسدية ونفسية..,ar,[],[],[],1,0,1,[],,0
"جيلبرتو :  #الأهلي كان يسيطر على القارة الأفريقية مع مانويل جوزيه  *لعبت للأهلي وعمري 20 عاما لذلك اعتبر نفسي ""ابن النادي"" * انا من رشحت فلافيو على للانضمام للأهلي  *الأهلي عرض علي تكاليف علاجي رغم اصابتي مع منتخب أنجولا",ar,[],[],[],1,1,69,['الأهلي'],,0
@Az_Saeed7 @MjodeKa ياخي كتبت مين يلعب محد رد لعبت مع نفسي😂😂😂😂😂,ar,[],[],[],0,0,0,[],,0
ياربي سويت التمرين و اكتشفت اني بخيلة مع نفسي لاخر درجة، حسيت اني حيل لعبت فيها 😢😢 لازم اتغير الصراحة ما توقعت لهالدرجة مبهدلتها 😭🙏🏻,ar,[],[],[],0,0,0,[],,0
لعبت مع ولد اخوي بلاي ستيشن وخليته يهزمني عشان يفرح ، راح يدور في البيت يغني ويقول دعست وجه هاجر 🙂! الشرهه علي مسويه نفسي عمه حنونه واسمح له يفوز,ar,[],[],[],1,0,0,[],,0
Anatoly karpov Russian chess grandmaster and former world champion❤ و لعبت كرة مرة مع رامي ربيعة في ملعب خماسي و لحد دلوقتي نفسي أعرف ازاي متصورتش معاه😂,und,[],[],[],0,0,6,[],https://twitter.com/Eman3abdallah/status/1256864980001067010,0
يا جدعان نفسى العب كورة.. انا وصلت لمرحلة انى نزلت لعبت بالكورة البلاستيك مع أطفال شارعنا,ar,[],[],[],0,0,0,[],,0
@Shahada98 انيهم هيج لعبت نفسي مع انو لا مكياج لا شمس لا حلويات :) 💔,ar,[],[],[],0,0,0,[],,0
ك مثال علي نفسي،قعدت فترة أهزر ع حوار ميسي والميدليج وشغل كان كله هزار بس لقيت الموضوع اتسوق للناس مع إن حقيقة انا لعبت آخر ميدليج وحش وال قبله كنت متوسط.  قبل كده وانا صغير او بدايات الكلية كنت أفضل 100 مرة بس مكنتش بهزر بكده واتضح إن الهزار قلب تسويق وكنت اندريتيد عادي.,ar,[],[],[],1,0,2,[],,0
@meshari41798312 يمكن حظك يحطك مع ناس مستواهم ضعيف  عن نفسي كل اللي لعبت ضدهم مستواهم اقوى من العادة بكثير,ar,[],[],[],1,0,0,[],,0
بموت ضحك لعبت ببجي مع صيني اول مادخل يتكلم معي انقليزي قلتله نيهاو حسبني صينيه قام اعطاني كلام صيني طويل مدري وش يقول شافني ساكته قام قال هلو قلتله وش تقول انت معرف صيني بس اعرف ذي الكلمة ومات ضحك علي شافني اللخمت من الجريده الي قالها انا ليتني سكت وماسوي نفسي متثقفه عشان متفشل  https://t.co/H4snWBjqkC,ar,[],[],['https://pbs.twimg.com/media/EW-Lm_UXkAAmpdZ.jpg'],0,0,1,[],,1
انا انسانه لعبت مع لفيل الوحش 👹 عندي طفلتين امي و جدتي و حبيبي و انحرمت منه باختياره و عمل كل اللي كان نفسي اجربه معاه لوحده تانيه معنديش شغل و مقدرش اشتغل علشان محتاجين لوجودي معاهم و كل اللي حوشته راح و بقيت فلايه حياه قشطه بالمهلبيه 😂😂😂😂 في ليفل اعلي من ده ابقوا وروني,ar,[],[],[],0,0,0,[],,0
لعبت كوره بالحوش مع الجهال انهد حيلي ، انا ليه قاص على نفسي وعايش دور ميسي,ar,[],[],[],1,0,0,[],,0
الدنيا كما تُدين تُدان! اذا لعبت بمشاعر غيرك سواء عن قصد او غير قصدك ربنا هيردلك الاشي وانا بآمن بمبدأ ال كارما! قبل شوي بحكي مع هالشخص و بقول عن مزح ليش بتصاحبوني انتو والله انا مضرة للصحة والنفسية والبيئة، وضحكت؛ ما فكرت بوقع ألم هالكلمات على نفسي الا بعد م حكيتهم out loud!,ar,[],[],[],0,0,1,[],,0
@AlmightyWesker انا والله عن نفسي لسبب ما لعبت السلسلة كلها لكن مو أول بأول في بعض الاحيان، شفت الكثير و عشت الكثير مع ذي السلسلة، و اعطيهم هالشي يوبيسوفت من اكثر الناس اللي تبدع في المجال الفني و جمال العالم حقها شكلاً، و متحمس مرة كيف راح يجسدون حقبة الفايكنج او النورس ميثولوجي....,ar,[],[],[],2,0,0,[],,0
مفيش انتصار في حياتي حققته باين لدرجه اني روحت لعبت دومنه مع صحابي عشان افك عن نفسي شويه أخدتها صايمه,ar,[],[],[],0,0,0,[],,0
لعبت كوره بالحوش مع الجهال يعلها ما عادت  ولك انهد حيلي ، انا ليه قاص على نفسي وعايش دور ميسي,ar,[],[],[],0,0,0,[],,0
لعبت مع عراقيين وحرفيا ماسكه نفسي قد مااقدر على البزر اللي معنا مسوي طقطوقي ويضحكك ،بس اني طفشانه وكنت ابغى ناس يسولفون اضطريت اكمل,ar,[],[],[],0,0,0,[],,0
@Gazan241 اكمل دراستي مع اني كنت شاطرة في المدرسة وتخرجت بنسبة تأهلني ذاك الوقت اني ادخل جامعه ولكن لعبت على نفسي وعمري ضاع,ar,[],[],[],0,0,0,[],,0
@MariamO05635510 والله يمريم انا لعبت مع ولاد عمتي خدوني بالعربيه لحد بوشنكي وانا لا املك حتاا قصافه وعماله اقولهم نزلوني يولاد الكلب اخد حاجه استر بيهاا نفسي نزلونااااااي😂💔,ar,[],[],[],1,0,0,[],,0
كنت فاكره نفسي بليده لحدي ما لعبت مع نهى,ar,[],[],[],0,0,1,[],,0
لعبت مع نجو اليوم لين دخت حرفيا زمان عن الاقيام الطويله بس المشكله م نمت قيلولتي اختربت وبكره بجاهد نفسي اصحى اصلي الظهر 🤕,ar,[],[],[],0,0,0,[],,0
أصدقاء الحرف اللذيذ.. : : (@salmaaljabri) (@istethna1) (@ad_82_) : : شاركونا جمال حروفكم وأخرجوا لنا بواطن ما رسمت سماواتكم ، يومًا ما لعبت هذه اللُعبه مع نفسي (☺️👇🏼,ar,"[{'screen_name': 'salmaaljabri', 'name': 'سلمى الجابري', 'id': '473364714'}, {'screen_name': 'istethna1', 'name': 'ليس شعرًا ولكن', 'id': '1010794239733714944'}, {'screen_name': 'ad_82_', 'name': 'قريب', 'id': '880445323864408066'}]",[],[],1,0,0,[],https://twitter.com/i__RiCi/status/1093640201241616384,0
@Enjoy_Saudi كنت احسب اني سيئ لين لعبت مع خواني وطلعتهم كلهم فاشوف نفسي محترف الا شوي 😅 ٩,ar,[],[],[],1,0,0,[],,0
@MansHFC للامانه ايه بس قليل اسكت ترا عشان ما استفز الخصم ويجلدني .. مره لعبت مع واحد وسويت نفسي اخلاق فرحت زي ذي الفرحه 🤷🏻‍♂️ يعنني حبايب ولا بيننا .. قلبها علي وسكتني 💔,ar,[],[],[],1,0,0,[],,0
@OSoldjier @Bilal_Mosuli اي والله حتى اني لعبت نفسي مع انو مجنت اكل بس صدكت لعبت نفسي,ar,[],[],[],0,0,0,[],,0
صيام مقبول متابعيني وافطار شهي ولو حلقة كمامات وطن اليوم 🥴🤢 لعبت نفسي 😁بس مع ذلك شكراً لكم فنانينا العراقيين زرعتوا بسمة ع وجوه الكثير   #رمضان_مبارك,ar,[],[],[],10,2,43,['رمضان_مبارك'],,0
@x_isco23 @Gorgeous_ew اءاءاءاءاءاءاء لعبت مع نفسي وفزت ع نفسي 😭😭😭😭😭😭😭  https://t.co/0uAdZeyGNp,ar,[],[],['https://pbs.twimg.com/media/EWYVkULWsAAC2nv.jpg'],0,0,3,[],,1
@14_ahmedeid هو انا نفسي افهم حاجه واحده بس ّ انت لعبت كم سنه مع الزمالك وجبت كم بطوله,ar,[],[],[],0,0,0,[],,0
اكلكم تدرون لعبت نفسي من السنه والشيعه طبعاً مع احترامي للعالم الزينه بس احسها مبالغه وشغله متخلفين من السنه الجمعه رمضان والشيعه السبت رمضان ادري الخاطر ربكم شنو الي مختلف الله مسوي ثنين سماوات لو وحده حتى مختلفات غير كلهم نفس السماء وثنينهم بوطن واحد,ar,[],[],[],5,0,6,[],,0
لعبت ببجي مع صحباتي المتنمرين واتفنشو وكنت احسب اني صرت لوحدي ف القيم وزي ما انتو شايفين صرت اتكلم مع نفسي زي المجنونه عشان سبرايز القى نفسي ف سناب🥰  https://t.co/nYP9Hb9EAE,ar,[],[],[],3,0,7,[],,1
فعالية اليوم : لعبت what do you meme مع نفسي و سويت نكت على كيف كيفكم 😋,ar,[],[],[],0,0,0,[],,0
لعبت مع مصري ببجي سالني عاوز ام فور قلت له لا ابي القيم قالي القيم ده ابوك ؟  ابو السماجه البايخه اللي حقكم طلعت من القيم وسد نفسي ع ببجي 🙂💔💔💔,ar,[],[],[],1,0,2,[],,0
@ziiaaaaddddd يبني مصدقاك والله لعبت مع اتنين مرة نفس النظام كنت هفتح المايك اشتمهم بس مسكت نفسي😂,ar,[],[],[],1,0,0,[],,0
@HamidaAjami هههههههه ليه تظنين اني لعبت مع نفسي؟ مع ابويه ربي يحفظه,ar,[],[],[],1,0,1,[],,0
@F_1925 أنا كمان إذا لعبت مع نفسي أفوز 🙈,ar,[],[],[],1,0,0,[],,0
لعبت مع بزر عراقي يلعن اصله بس يسب ويسب اهلي وبفجره وفجرت نفسي بالغلط قال وقعتك يابن الكلبه ويفلم عليهم يقول هذا سب العراق والسعوديه يلعنمم الغبنه فجرني وبلغت عليه بس ماقدرت اطلع حسابه قهر,ar,[],[],[],0,0,2,[],,0
@_dndsh اليوم لعبت مع الصغار كوره ثلاث دقايق وبغى ينقطع نفسي,ar,[],[],[],0,0,0,[],,0
@alhisad_sport أنا عن نفسي مصدق أنك قد لعبت مع النعيمة لكن مادري عن الباقين.,ar,[],[],[],0,0,0,[],,0
@azmi65x ايه صارت فينا اقولك واجهنا تيم كامل اماراتي كلهم هاكات ايم بوت ورادار ولك كرهت نفسي ما لعبت مع اخوي بعدها,ar,[],[],[],1,0,0,[],,0
@BASM294 لازم نستغل الحجر زين، أنا عن نفسي استفدت كثير من وقتي و أنجزت كثير، اشياء ما توقعت أسويها يوم من الأيام، حتى مع الضغط الكبير على الأمهات، بسبب الحجر فقدت الأهل و الأحباب، لعبت sims3 و سويت العيلة كلها بيت بيت، و بنيت بيوتهم وشخصياتهم، هنا أنا فخورة بهذا الإنجاز 😌 😜,ar,[],[],[],0,0,0,[],,0
اليوم انسحب علي كالعاده و لعبت مع نفسي💔 اتس اوك ولله تعودت لدرجه الموضوع معد صار يحزني انا ممل متفهم الموضوع👍,ar,[],[],[],0,0,2,[],,0
في سؤال محيرني : اذا انا عايشه بروحي و ينيت شلون راح اعرف ؟!🤔 جد احتاج احد يمرني البيت يشوف وضعي و تصرفاتي طبيعيين ولا لأ ..! امس لعبت انحش معاي و مع نفسي و مع ذاتي😅 و هم خسرت,ar,[],[],[],4,0,1,[],,0
@iahmad_h1 كلهم ابو بكس وصومالي ومصرية وسعودي ..  مسوي يوزري باسم يوسف خان وحاط علم باكستان عشان التمويه لما لعبت مع المصرية قالت لي انسحب عشان خاطري سويت نفسي ماقريت وكملت لعب لما ضمنت الفوز قالت جتك الاف باكستاني معفن  لما جيت برد فازت الخبله .. فوق على الهزيمة انسبيت وما امداني ارد 😟,ar,[],[],[],1,0,0,[],,0
@Rehabsamir22 لعبت مع غيرك علشان انا كمان كان نفسي اكسب جيم قبل م اموت 😂💔,ar,[],[],[],1,0,0,[],,0
@DeDios13_ @ahmedhady_94 بس عندي كم سؤال عن الكورة المصرية ياليت تساعدوني فيها ،، فيه لعيبة حرفية ما لعبت مع المنتخب بشكل منتظم نفسي اعرف السبب ،، رضا عبدالعال ،، وليد صلاح الدين ،، جمال حمزة ،، وفيه حد في الزمالك بس من زمان مهاري جداً ناسي اسمه,ar,[],[],[],1,0,0,[],,0
@Mu_98c صادق 🤦🏻‍♀️💔اول تغريدة طلعت كدامي الة قبل يومين لعبت نفسي منة وسويتلة بلوك مع ان لاضايفني ولاضايفتة😂,ar,[],[],[],1,0,1,[],,0
@hi__mo1 اكلك لاتاخذني ولااخذك وعوف سالفه العقول لعبت نفسي يمعود حته لو كلامك صح تكره الواحد يسمعله مع انو كله خريط يله فدوه كافي 😣,ar,[],[],[],1,0,0,[],,0
تو لعبت شطرنج مع واحد انتصاراته ١٢٥ وانا قلييل ولما قربت ادعسه انسحب واحس اهلين تلاعب نفسي,ar,[],[],[],2,0,0,[],,0
لعبت مع نفسي مع انه نفسي!!  تضايقت من فوزي وقدراتي(:  #الحجر_وما_يعمل  https://t.co/fcCSjoDNmp,ar,[],[],['https://pbs.twimg.com/media/EVhz-aCXkAAGysa.jpg'],4,1,4,['الحجر_وما_يعمل'],,1
@__ysee لعبت مع نفسي وخلصت,ar,[],[],[],0,0,0,[],,0
لعبت مع وحده وحبيتها 😩عشان صورنا مثل بعض وعطيتها قلوب كان نفسي افوزها بس ماش  https://t.co/QXCIuIYPTM,ar,[],[],['https://pbs.twimg.com/media/EVdICDyXkAEXr-E.jpg'],0,0,1,[],,1
كنت قاعد مع نفسي وبتخيل لو شيكا كان اعتزل قبل اخر رجوع له، لقيت تخيلي للموقف إني بقول (من قلبي وبنفس راضية) يا ريتك كنت لعبت للأهلي والله يا شيكا .. لو مكنتش قدمت أي حاجة في حياتك كانت هيتحسب لك ان جوزيه لعّبك وكان هيتقال معاه بطولات اكتر من حازم امام ومكنتش هتبقا قليل الأدب.,ar,[],[],[],0,1,4,[],https://twitter.com/_SHIKA10/status/1249082124319297536,0
كان نفسي اوى العب ضُمنه بس مكنتش بعرف العب ، خليت احمد وخالو هانى بيلعبوا وفضلت مركزه معاهم لحد ما اتعلمت ، ونزلت لعبت مع خالو و كسبته وهو فضل ساكت شويه وبعدين قالى تعالى يهبله مين اللى علمك اللعبه ، ومكانش مصدق ان اول مره العبها ، وكنت فرحانه اوى اني كسبته 😂😂😂⁦♥️⁩,ar,[],[],[],0,0,5,[],,0
@Abu_Adam886 @tekkenUlsan هم مع الاسف كأن البالنس تيم وظيفتو يخرب اللعبة ، انا عن نفسي بشوفو ظلم لو لعبت ضد المشيما حاليا لان السايد ستيب اللي تعلمنا عليه سنين فجاة صار بدون قيمة ، وطبعا هذي قطرة من بحر المشاكل في اللعبة,ar,[],[],[],1,0,0,[],,0
@Zaeadam_ @JM_ERM @hasnin97 مع انو اني ماكتبت شي ، ومباشرةً كتبتي بوجهي لعبت نفسي ..الخ ، عموماً از يو لايك حبيبي❤,ar,[],[],[],0,0,0,[],,0
من افضل لاعب لعبت معه ؟ هنري يجاوب : دينيس بيركامب لانه انسان ورائع في كل شيء ،اما عن ميسي دائما أسال نفسي ولااعتقد انه انسان مثلنا .....  اترككم مع هذا الفيديو الرائع للهولندي..   https://t.co/4MP035PfFj,ar,[],[],[],5,51,173,[],,1
امس لعبت مع صحباتي وطولت يعني نعلب كم مره وجاني شعور انا ماني شايفه شي ودايخه ومدري انا بالواقع ولا لا كاني في عالم ثاني حتى انا نفسي ما ادري بها تعوذت من ابليس و وطيت جوالي,ar,[],[],[],0,0,0,[],,0
وبيقولو عليّ أنا بوت ومبعرفش العب يادين اماااااي دا أنا لعبت مع صحابي قبلها اللي مبيعرفوش يلعبو وطلعنا الخامس والتالت أنا هولع ف نفسي اااااااع,ar,[],[],[],0,0,0,[],,0
قبل شوي لعبت مع نفسي بالمرايه سويت فيسات تعاملت مع نفسي على اني شخص ثاني والله ووسعت صدري وضحكت وسويت لي اكسسورايزنق ومر الوقت ما حسيت فيه 😍,ar,[],[],[],0,1,0,[],,0
@moustafa_camara @Ismailyofficial ايوا حضرتك بس انا لعبت سنه في النادي الاسماعيلي كانت اول سنه ليا فوق السن وكنت منتقل من ناشئين النادي الأوليمبي وكنت صغير وماكنتش مصدق نفسي اني بلعب مع النجوم دول ولعبت السنه دي كلها مباراة واحده وبقدر ربنا كانت مباراة الأوليمبي والإسماعيلي في اسكندريه ٢-٢,ar,[],[],[],1,0,6,[],,0
أمس لعبت مع أمي شطرنج كنت افكر نفسي فنانه 😑 طلعت خطيرة بنت عبدالله مش بسيطة المهم اليوم ناوية انتقم لنفسي 👿!   دعواتكم بالفوز المحترف😂  https://t.co/dzzoW5Xcli,ar,[],[],['https://pbs.twimg.com/media/EU2IjjPXkAIyKYn.jpg'],0,0,0,[],,1
لعبت مع نفسي دومينو وفازت شخصيتي الاساسية حظ اوفر لشخصياتي الباقين,ar,[],[],[],1,0,0,[],,0
@3zoz_mz عن نفسي ما أعجبني أنا لعبتها لوحدي يمكن كانت راح تعجبني لو لعبتها مع احد زي ما لعبت ألعاب ماريو بارتي ثانية جماعي,ar,[],[],[],1,0,0,[],,0
@mrz_4l مرهه لعبت مع كوبلز و تجي الكلبة تقول سو ميوت لرقم ٢ ( اللي هي انا ) المشكلة ماكنت حتى اتكلم بس تغار من صوت نفسي 😂😂😂😂,ar,[],[],[],0,0,0,[],,0
لعبت ببجي ودخلت بيت اذكر دخلته مع حبيبي زمان وصرت ابكي فجرت نفسي وطلعت من القيم,ar,[],[],[],2,0,0,[],,0
حسيت بالفشل الحقيقي من نفسي لما لعبت مع دانه كيرم وفازت علي مرتين,ar,[],[],[],1,0,1,[],,0
لعبت مع ابوي وامي كيرم ودعيت عليهم بالغلط وشوفوني لي ساعه مقفله على نفسي الباب وابوي تحلف فيني يقول والله ماتصبح اليوم  https://t.co/zaGWjqyI6Q,ar,[],[],[],0,0,2,[],,1
@eazifahalamal ههههههههههه حبيبة قلبي والله جعلني فداش💗  هههههه ارتحت شوي بعد ما جيت مم المستشفى يوم شفت نفسي بخير رحت المطبخ بعدين رجعت لعبت مع بنت اخوي رجعت الحمى  من عيوني عشانكـ فدوتن💗,ar,[],[],[],1,0,0,[],,0
نفسي اعقد صفقه مع مؤسس لعبت رايس اوف كنقدم راح احمل اللعبه والله بس لعاد يطلعلي اعلانهم.,ar,[],[],[],0,0,0,[],,0
@book190 قبل الحظر بيوم اخدت بسه رجلها مجروحه مره ووديتها لدكتور بيطري وثاني يوم جا الحظر وماعرفت كيف ارجع اوديها للدكتور عشان تكمل علاجها بس الحمد لله سرت اتواصل مع الناس الي دلوني عليها وقالو انها تمام والشاش فك من نفسه.. اكيد انها لعبت فيه وانفك.. وبس نفسي اروح اتطمن عليها هيا واطفالها  https://t.co/vLznxi8HFN,ar,[],[],[],0,1,1,[],,1
قبيل لعبت قيم ليدو مع نفسي جيت التاني 😔💔,ar,[],[],[],0,0,7,[],,0
جلست مع نفسي أسبوع و لعبت لعبة طويلة و روقت الصراحة، و بكذا برجع لحياتي الطبيعية 💁🏻‍♂️.,ar,[],[],[],0,0,0,[],,0
مروح من الشغل وبسابق الزمن عشان الغربان مبترحمش وشديت مع سواق ميكروباص اتحطينا ف مواجهة مسكتووو لعبت بيه هوب فجأة لقيت اربع غربان حوالية من حيث لا ادري هوب لقيت نفسي انا اللي بيا 🙄😅👌,ar,[],[],[],1,0,0,[],,0
"""لقد لعبت عبارة (للمرأة الحق دائما في تغيير رأيها) بشكل موائم جدا مع الصورة السلبية للأنثى بحيث جعلتُ من نفسي ضحية لقرار لا يتزعزع. حتى لو قمت بخيار تافه وغبي، فإني لزمته عوضا عن أن (أكون مثل امرأة وأغير رأيي) """,ar,[],[],[],1,1,1,[],,0
@NaderShawky74 يا راجل دا انت ضيعت رمضان صبحي بعد ما كان من أفضل ناشئين أفريقيا وخدته وقعدته دكه ف إنجلترا والاسم محترف!! لعبت ف دماغ فتحي عشان تجيب اعلي تجديد تعاقد مع الاهلي انا كآهلاوي نفسي اداره الاهلي تمنع التعاقد مع أي لاعب ماضي معاك يا نادر جمهور الاهلي مبينساش,ar,[],[],[],0,0,0,[],,0
"@safaa46872446 نفسي اقعد مع فتحي اقوله ""والله انت حبيبي يا فتحي وهحترمك ف كل الاحوال بس انت بتعمل كدا ليه هو انت صغير ؟ طب نسيت قرارك الخاطئ لما لعبت ف قطر ورجعت ناسي الكرة؟ والاهلي هو اللي شالك لحد ما رجعت فتحي ؟ فوق واحترم تاريخك وشكرا""",ar,[],[],[],1,0,4,[],,0
لعبت مع اخويا بلاي استيشن  كسبني سبعه صفر مع الرافه وساب الدراع شويه عشان اجيب جون معرفتش  قعدت اتحايل عليه يلاعبني كمان جيم  قالي لو بلاعب نفسي كان اهون منك 😂😂 لا ليا في المطبخ ولا اللعب طب اعمل ايه 😂,ar,[],[],[],1,0,4,[],,0
لعبت مع صاحبات شوق وفشلت نفسي وجيت😭😭😭,ar,[],[],[],2,0,0,[],,0
انا لعبت مع نفسي دور الأم والاب والاخت والاخ بشكل رائع الحقيقة 💔👏ربنا يخليني ليا وميحرمنيش مني ابداً،ومغلطش تاني فحقي💔,ar,[],[],[],0,0,0,[],,0
لعبت مع نفسي في الليدو و فزت على نفسي 😹😹😹😭,ar,[],[],[],1,0,1,[],,0
اليوم دا لييه ذكري معايا عمري م هنساها يوميها كنت هكسر بتاع 3 شماسي ع الشط وشوط الكوره ف دماغ راجل ف الميه🙄وبعدين طلعت لعبت ع الشط مع قرايبي ومسحت بكرامتهم الارض واحنا وبنلعب😅لحد م ابويا لقيته جاي يلعب معانا ف اضطريت احترم نفسي عشااان ميزعقليش😊واتبسط جداا برغم كل المشاكل دي❤  https://t.co/XBYWxL4Nwz,ar,[],[],"['https://pbs.twimg.com/media/EURS_ppWkAAWsqm.jpg', 'https://pbs.twimg.com/media/EURTFi_WAAAqwQo.jpg']",3,0,21,[],,1
لعبت ببجي مع تيم فلسطيني قسم بالله عرفت كل مشاكل عيلتهم واخوان جنب بعض تهاوشو عشان الاوم انجلطت منهم فجرت نفسي وطلعت ههههههههههههههههههههههههههههههههههههههههههههههههههههههههههه,ar,[],[],[],3,1,30,[],,0
@bts_kookeiii انا تبت ماعاد العب ببجي لعبت مع واحد وانا توني جديده ما اعرف شي المهم بدينا القيم وقتها ماكان عندي ملابس وحنا نتكلم قال الو وينك!!؟ انا هجيت يوم شفت نفسي مفصخه وغسلت ايدي من بعدها😭😭😭,ar,[],[],[],0,0,0,[],,0
@fm1111t فطومه حبيبة قلبي مبروك ياروحي الله يسعدك💝انا اسعدت نفسي صمت عملت رياضه وانا صايمه جلست مع ناس احبهم (خواتي)ضحكت لعبت مع اطفالي والحين سويت يوقا ٤٠ دقيقه قبل الفجر💝💝(انا هنادي )❣نشوفك على كل خير وسعاده💝,ar,[],[],[],0,0,2,[],,0
من 2008 لحد ما تعتزل كنت المفروض تكون موجود لاعب الوحيد اللي زعلت عليك يا كابتن انك لعبت فتره قصيره في الزمالك كان نفسي تلعب فتره كبيره الزمالك كان محتاجك محتاج امكانياتك عاليه جدا كنت تفرق اوي مع الزمالك كل ما افتكر انك ملعبتش فتره كبير في الزمالك ازعل بجد ابننا 💪,ar,[],[],[],2,0,25,[],https://twitter.com/14_ahmedeid/status/1243679966128214017,0
@LordS0RM تعال join the club لعبت yu gi yoh مع نفسي و خسرت........,und,[],[],[],1,0,0,[],,0
اكبر خطأ اقترفته بحق نفسي اني لعبت مع عيال كيرم !,ar,[],[],[],0,0,0,[],,0
لعبت ٥ دقايق كورة مع العيال الصغيرين في الشارع ودخلت البيت مش قادر اخد نفسي 💔 راحت فين الصحه يا جماعه,ar,[],[],[],1,0,0,[],,0
بس طبعا كل شيء يهون مع القصة مشكلتي انا اني حاط فبالي ان اللعبة ما تحلى الا اذا جربتها بنفسي احس اني ماراح اكون رابط نفسي وشعوري الا اذا لعبت اللعبة بنفسي فأني اشوف لها بلايثرو عاليوتيوب كان مستبعد تمامًا من المعادلة,ar,[],[],[],0,0,0,[],,0
الشي الذي أعرفه على وجه اليقين هو أنه أيا كان موقفك الان فإنك لعبت دوراً كبيراً في إحداثه مع كل تجربه تبني حياتك فكرة بعد فكرة اختيار بعد اختيار واسفل كل واحدة من هذه الافكار والاختبارات تكمن نيتك الاعمق لهذا قبل أن أتخذ أي قرار أسأل نفسي سوألاً واحداً مهماً ماهي نيتي الحقيقه؟,ar,[],[],[],0,0,6,[],,0
أول يوم لي بالحجر نمت ١١ ساعة،طلبت ثلاث طلبيات،نظفت ثلاث غرف،لعبت كرة طائرةلين ماأنخلعت يدي،تناقشت مع أهلي في موضوع امس وطلعت أني مقصرة ماقرأ اذكاري وأني مهملة نفسي واني اخطأت القرار في الولد طبعا كل هاللفه عشان يوضحون لي آخر نقطه والظاهر كل مواضيع اهلي بتدخل فيها هالنقطة,ar,[],[],[],1,0,0,[],,0
اي شي تبينه بس كان نفسي ب بلاستيشن وشريت بلاستيشن وا العاب ومايك وكذا لعبت ا العبة اسمها اوفر واتش هنا اول ما لعبتها اول مره وا المايك كان مشغل وما اعرف اعطي ميوت ولا شي ف سويت نفسي اني اسولف مع الي ب التيم وما الى ذلك وبعدها دخلت كاستم الي هو القيم وبعدها شفت واحد يعطيني اشارات,ar,[],[],[],0,0,0,[],,0
مش عارف بكره العب اسكواد في ببجي ليه ولو لعبت لازم اموت تيمي الا لو مع زوز وجو بمسك نفسي او عشان هما مش هيسكتوا 😂 نفسي ابطل التوحد ده عشان ببجي بتسبلي وبتخسف الماريت واقعد اعيط في الاخر,ar,[],[],[],0,0,0,[],,0
@1sla996 تستهبلي قاعده العب مع نفسي كنت؟؟؟عشان كدا خسررتتت اه لعبت شكلك كنتي اوتو,ar,[],[],[],1,0,0,[],,0
@Sul_ila اخاف اذا لعبت معكم انهي مسيرتكم ف خلوني مع نفسي اجلد الأتراك ☺️,ar,[],[],[],0,0,0,[],,0
#كلنا_بالبيت_لاجل_السعوديه  امس كان يوم رائع جداً  لعبت مع ولدي ذو ال ٩ شهور بالكور البلاستيكية لين حسيت اني رجعت طفل ضحك ووناسة بالعزل المنزلي  تعرفت على نفسي من جديد,ar,[],[],[],0,0,0,['كلنا_بالبيت_لاجل_السعوديه'],,0
لعبت جيم شطرنج مع نفسي اتعادلت.,ar,[],[],[],1,0,5,[],,0
@Nehad_Farouk98 لا انا بعتبر نفسي لاعب عادي لعبت سنتين بس سنين تألقي كلها مع الحرس ٩ سنين,ar,[],[],[],0,0,1,[],,0
"الاسبوع الماضي في فوت تشامبيون لعبت ٢٨ مباراة وفزت في ١٤ ""مباراتين السيرفر قطع وتم اعتبارها خسارة علي"" مع ذلك اعتبر السجل هذا غير مرضي بالنسبة لي  اثق تماما بقدرتي باذن الله على الوصول ل٢٠ فوز   هدفي الاسبوع هذا هو ٢٠ فوز ان لم اصل اليه اعتبر نفسي لم اصل لما يرضيني",ar,[],[],[],1,0,0,[],,0
@yYyOKgyit8krdcd @ELAdlMedhat @FilGoal والله دا اقل رد تردوا علي نافسك هوه دا الترجي اللي بيرعب انا بقارن نفسي كأهلاوي لعبت مع فرقه وفي مناخ اصعب ٩٠٠ مره من الترجي اللي لعب معاه فريقك وهرجع أقولك شوف قوام الترجي الأساسي والقوام اللي انت لعبته وشوف قوام صنداونز اللي هوه هوه نفس القوام اللي خرجني الموسم اللي فات,ar,[],[],[],0,0,0,[],,0
أمس اسولف مع اخوي واقوله نفسي ألعب حرامي سيارات من زممان م لعبت واليوم يناديني يقول شوفي وش جبت لك 😔♥️♥️  https://t.co/o50tA4laKZ,ar,[],[],[],0,0,0,[],,1
ياجماعه لعبت قيم مع واحد ويكح وقلت كورونا كورونا قال والله الظاهر انا عازل نفسي اخاف ان صدق فيني كورونا قلت جد ؟ وش تحس من اعراض قال اكح واستفرغ ومعي اسهال وحرارتي مرتفعه 😥💔ارسلت له اضافه يارب يقبل واعرف مكانه ابلغ عنه والله انه يكح 😭💔  #اقعدو_ببيوتكم_لحد_يجي #كرونا_السعوديه,ar,[],[],[],1,0,0,"['اقعدو_ببيوتكم_لحد_يجي', 'كرونا_السعوديه']",,0
في الميتنج العادي لما بزهق كنت بسرح مع نفسي ويبان عليا ال working from home الميتنج كان وأنا تحت اللحاف ولما زهقت لعبت فالموبايل وكنت بنام على نفسي حرفيا ورجعنا كتبنا الملخص عالجروب تاني ودا يأكد نظرية متتصلش تقولي اللي ينفع تكتبه في ميل,ar,[],[],[],0,0,3,[],,0
@SilkHussain والله طلعت تقريباً الساعة بالتسعه بالختلة لگيت جماعة السيد رتل ستوتات ويرشون ديتول بالارصفة مع معزوفاتهم المعهودة لعبت نفسي ورجعت للبيت,ar,[],[],[],1,0,1,[],,0
"أندريا بيرلو:   ""لا يزال لدي شوكة في جانبي لأنني لم ألعب مع ريال مدريد أو برشلونة ، لأن اللعب هناك حلم لكل لاعب. لكني أعتبر نفسي مرتاحًا جدًا لأنني لعبت لأفضل الفرق في إيطاليا"".  https://t.co/8rMhKzaRGc",ar,[],[],['https://pbs.twimg.com/media/ETSFxEZXQAASASr.jpg'],0,0,0,[],,1
انا نفسي اجيب ايفون بس انشاء الله لما اشتري اللاب الأول لما كان يكلمني كل يوم ف الاجازه انا النهارده هطلع مع صحابي ونلعب سوا بلاستيشن وهنقعد شويه ولما يرجع يسطا لما لعبت خسرت بس كنت شغال كويس معملناش حاجات كتير بس القاعده كانت حلوه لان هما واحشني.. يسطا انا زهقت من قعده البيت,ar,[],[],[],1,0,2,[],,0
من الملل لعبت مع نفسي !😂  https://t.co/7IhUDtJUIW,ar,[],[],['https://pbs.twimg.com/media/ETL3DwDWoAERDwk.jpg'],1,0,0,[],,1
بيث على هذه الحاله وتزداد عنفآ وسوء وتقوم بغرز كلابهم ولا تشعر بالذنب ووجد الاب العصافير مقلوع  رأسها وعندما لعبت مع اخيها ضربت وقامت بضرب رأسه على الارض وأصيب بيصابات بالغه بعدها اخذهوها لطبيب نفسي وسألها بماذا تشعرين بالذي حولك قالت انها ترغب بقتل والديها وتشعر بالمتعه عند,ar,[],[],[],1,0,0,[],,0
@iwle4 @SG1YT الموضوع ببساطه يوم الاعبين يلعبو فيفا 19 بيلاحظون الفرق بالتطوير بالقيم بلاي ومالها تفسير ثاني .. عن نفسي دخلت لعبت قيم اليوم وطلعت ماقدرت أكمله مع انه تشكيلتي كل الاعبين فيها خوليت وفييرا وراموس و و و بس بصراحه كانت تجربه ممله وطلعت,ar,[],[],[],0,0,0,[],,0
الالعاب ع تويتر بقيت عبارة عن رتويت وانافقك واشتمك واهزقك وحاجة في قلة القيمة اقسم بالله.. انا اسف لكل مرة لعبت مع اشكال وسخة قذرة بنت ستين كلب والله انا اسف في حق نفسي.,ar,[],[],[],1,7,20,[],,0
لعبت شطرنج مع نفسي 😋,ar,[],[],[],0,0,1,[],,0
"سويت حادث؟❎ لعبت pubg ؟❎ خلصت انمي بيوم واحد؟✅ سويت عمليه؟❎ هربت من غرفة العمليات (سويت نفسي أكح ""كنت صغير"" ""عملية لوز"") زعلت من احد فتره طويله؟✅ سرقت من البقالة؟❎ كذبت على احد؟✅ انحشت من المدرسة؟❎  غشيت في امتحان؟✅ تهاوشت مع مدرس؟❎ لا مجرد مجادلة بدون ما أجيب العيد",ar,[],[],[],0,0,1,[],https://twitter.com/Shinsuxe/status/1238944388769816579,0
لو لعبت مع نفسي شطرنج هو اللي هيكسب، بس بعد كذا مره انا اللي هكسب.,ar,[],[],[],1,0,0,[],,0
@ihateyouallkkk لا تكفين كان اللحين اسمي سوسن 🤷🏻‍♀️  كنت احب هالاسم واذا لعبت مع البنات اسمي نفسي سوسن,ar,[],[],[],0,0,0,[],,0
ما تستقلش بشكلي الطيب انا ممكن اخد منك اللي انا عاوزاه او اطلع اسوأ ما فيك ولو لعبت عليا من ورايا بعرف بس بطريقتي واي حد بيخبي عليا اي حاجة تخصني بعرفها  مش تعظيم في نفسي بس انا بفهم الناس اوي اللي اتعاملت معاهم او اللي شفت تعاملهم مع صحابهم  لو قليت اصلك معايا هتشوف كائن,ar,[],[],[],1,0,2,[],,0
"سويتِ حادث؟✅ لعبتِ pubg؟✅ خلصتِ مسلسل كامل بيوم واحد؟✅ بكيتِ على مسلسل؟✅ سويتِ عملية؟❌ زعلتِ من أحد فترة طويلة؟✅ ركبتِ رموش؟✅ سرقتِ من البقالة؟✅ ""دفاعًا عن نفسي كانت بس ستكرات سن توب"" كذبتِ على أحد؟✅ هربتِ من المدرسة؟❌ غشيتِ في امتحان؟✅ تهاوشتِ مع معلمة؟✅",ar,[],[],[],2,0,0,[],https://twitter.com/shuo51/status/1238117318774927361,0
@1Mimh_ يمه تذكرت يوم كنت جالسه طول اليوم مع قطوتي ابكي لاني ببيعها في الليل 💔دخلت علي اختي وسويت نفسي ما ابكي شوي الا هي تبكي جنبي يوم لعبت معها القطوة وارتحت وقلبنا صياح ونياح 😭😭😂,ar,[],[],[],0,0,0,[],,0
عملت حدثة؟✖ لعبت بابجي؟✖ خلصت مسلسل كامل بيوم واحد؟✖ عملت عملية؟✖ زعلت من حد فترة طويلة؟✔ كذبت ع حد؟✔ زوغت من المدرسة؟✖ غشيت في امتحان؟✔ اتخانقت مع مدرس؟✖ اشتقت لصديق قديم ؟✖ اتسرقت منك فلوس؟✔ ..كان نفسي حياتي يبقي فيها suspense اكتر من كدا 😂😂😂,ar,[],[],[],0,1,2,[],https://twitter.com/ahmadfahmy_98/status/1237928989857120258,0
@_JaxTeller1 مع انك لعبت ع الوتر الحساس بس بمسك نفسي 😔,ar,[],[],[],1,0,0,[],,0
عملت حادثة؟❌ لعبت ببجي؟❌ خلصت مسلسل كامل بيوم واحد؟❌  بكيت علي مسلسل؟❌ عملت عملية؟❌ زعلت من احد فتره طويله؟❌ كذبت علي حد؟❌ زوغت من المدرسة؟❌ غشيت في امتحان؟✔️الكيمياء 😂 اتخانقت مع مدرس؟❌ بس نفسي اتخانق والله  اشتقت لصديق قديم؟❌ اتسرقت منك فلوس؟❌,ar,[],[],[],0,1,2,[],https://twitter.com/Mohamed16980100/status/1237668867452911619,0
@3bod_tn7 صدقني راح اكون واثقه من نفسي اكثر اذا لعبت مع بوتات,ar,[],[],[],0,0,0,[],,0