tweet,language,mentions,urls,photos,replies_count,retweets_count,likes_count,hashtags,quote_url,video
@IPhantomfeitan مب معلق دايم كذا  علشان كذا مستحيل العب لحالي اذا بلعب لازم ادخل مع احد علشان يخششني قيم,ar,[],[],[],0,0,0,[],,0
@bts_kookeiii اقول دخليني بلعب معك طفشت وانا العب لحالي,ar,[],[],[],0,0,0,[],,0
بلعب ببجي لحالي الست سالي ماشحنت جوالها 😍😍,ar,[],[],[],2,0,0,[],,0
@_0ssii خلاص بلعب لحالي لا أشوفك تتصلين علي ....,ar,[],[],[],1,0,0,[],,0
@Ribebica شكلي بلعب لحالي 😂,ar,[],[],[],1,0,0,[],,0
@lluu1_ انا والله ديسكورد اذا بلعب مع اخوياي والا لحالي مبوت,ar,[],[],[],0,0,0,[],,0
تو صات معي لقطة ونا بلعب cs go نطيت عن الكرسي مع الحماس قتلت كل الفريق لحالي😂😂😂🔥🔥,ar,[],[],[],1,0,12,[],,0
@Avsr0 بلعب لحالي وخري,ar,[],[],[],1,0,0,[],,0
#ذكريات_اولي_ابتدايي كان ماعندي صحبات واقعد لحالي واشوف البنات وهما يلعبوا وبعدين تجرأت وقلت لهم بلعب معاكم وقالوا لي طيب استني شوي وراجعين وسحبوا علي ترا للحين متذكره حسبي الله عليكم  https://t.co/kFkRdOF22R,ar,[],[],['https://pbs.twimg.com/media/EaSBVU8UwAQd5XC.jpg'],6,0,5,['ذكريات_اولي_ابتدايي'],,1
@orangeJo بدي افهم الشبكة اورنج عند السيرفرات الشرق  خربان ليه ١٠ اشهر  بس من اول ما نزلت السيرفرات وانا اعاني كمان مش لحالي لي بلعب بل الأردن حسن البنق في سيرفرات الاشرق الاوسط,ar,[],[],[],0,0,0,[],,0
"@HadeerDafterdar هدير انا نسختك 🙂 ،، المشكلة كمان لو لحالي بلعب ابداً روحي مو رياضية حتى لو فعلاً استحق الهزيمة  ""زمان لمن كنت في الابتدائي اذا خسرت في السوني ارمي الايادي في الجدران الين بطلوا اهلي يشتروا لي "" ☺️💔",ar,[],[],[],1,0,0,[],,0
@avocadu_ وشتقولين عنها يوم قالت لي اطلعي بلعب لحالي  https://t.co/dPcHxrJRXd,ar,[],[],['https://pbs.twimg.com/media/EaLLaDCXgAEwMNl.jpg'],1,0,0,[],,1
@BaselAdel97 @AbdTaramsi بلعب ببجي لحالي قرفان خخخخخخخ,ar,[],[],[],0,0,0,[],,0
@Cxq77 يافهد بلعب لحالي وانت ٢ يمكن يمكن تاخذون كيل واحد,ar,[],[],[],1,0,0,[],,0
شفت في اليوتيوب لعبة The walking dead telltale وحيييل أعجبتني وآلمتني وأحزنتني وشكلي بكملها كذا مشاهدة لكن بجرب بلعب the among of us لحالي وأشوف التجربة كذا كيف بتكون 👌👌,ar,[],[],[],3,1,2,[],,0
شكلي بلعب اليوم لحالي ):,ar,[],[],[],0,0,1,[],,0
@llJor_ انا داخل بلعب لحالي عالسريع يقولي لازم اعادة تشغيل زين اني بس قفلت,ar,[],[],[],0,0,0,[],,0
@BastetNorh يب بلعب لحالي زي النفسية 😎,ar,[],[],[],1,0,0,[],,0
@a_m_ee_r1 لا انا  بلعب لحالي 😂 خبرة من الله 😂,ar,[],[],[],1,0,0,[],,0
شكلي اليوم بلعب ببجي لحالي 👈🏻💔👉🏻,ar,[],[],[],0,0,1,[],,0
@elo_20O @dh0m00 سبكتيت لو العب بلعب لحالي ضدكم م يحتاج تيم معاي,ar,[],[],[],0,0,0,[],,0
@BarghouthJ @amneh_barah 😂😂😂😂😂 انا بلعب لحالي,ar,[],[],[],1,0,0,[],,0
@X1UNiKON تبونه خذوه انا لحالي بلعب بشيل على ظهري اربع روس صدق اني هانبين,ar,[],[],[],1,0,0,[],,0
بلعب قيم سريع لحالي بشوف فني موجود والا خلاص يقل مع قل الممارسة,ar,[],[],[],0,0,0,[],,0
@sparklydol افضل لعبه بالعالم فيفا بس لأني لحالي بلعب غيرها,ar,[],[],[],1,0,0,[],,0
@sofe2oo1 قللت لعب ببجي والله نادر العب .. وحالياً حتى ما عندي سماعات فأكثر اشي بلعب لحالي ، لكن تفضل هذا الآيدي 🙂 :  https://t.co/Tc2I2INYek,ar,[],[],['https://pbs.twimg.com/media/EY3B6Y2XkAEKx1-.jpg'],0,0,0,[],,1
@HoIIySuper كنت بقوم العب بس استوعبت بلعب لحالي  https://t.co/M4rKtDSRYc,ar,[],[],['https://pbs.twimg.com/media/EYzqBnlWkAEfNOe.jpg'],1,0,0,[],,1
بما انو ايست من البنات واضح مشغولات بالعيد بلعب لحالي و انام😭,ar,[],[],[],0,0,0,[],,0
اردا 😭 يقول لـ ايفريم مو كنتي تقولي لو نيسا مارح تلعب بلعب لحالي؟ 😭😭😭😭,ar,[],[],[],0,0,0,[],,0
@2LaaHB بلعب لحالي مش زابطة  بلعب تيم مش زابطة طب اعمل اييييييه  https://t.co/2nDepWRzfA,ar,[],[],['https://pbs.twimg.com/media/EYpn7-CWsAIIhtd.jpg'],1,0,0,[],,1
شكلي بلعب بلود لحالي هذي المره مو حنكة واحتراف مني النت زبالة مجموعة اقعد ابو دقيقتين ويرفسني  https://t.co/rTqGdDz86b,ar,[],[],['https://pbs.twimg.com/media/EYkX4X7XQAsFtVT.jpg'],0,0,4,[],,1
@ziz_084 بلعب لحالي .,ar,[],[],[],2,0,0,[],,0
@yvnon تعالي بلعب معاكي دامني من اول قاعدة لحالي,ar,[],[],[],0,0,0,[],,0
@KwtNina تعالي بلعب من اول جالسة لحالي,ar,[],[],[],0,0,0,[],,0
زعلت العيال وشكلي بلعب كود لحالي  https://t.co/eNpY2P6kpa,ar,[],[],"['https://pbs.twimg.com/media/EYVJItoXQAAL-2Q.jpg', 'https://pbs.twimg.com/media/EYVJItvWAAUC6mq.jpg']",2,0,1,[],,1
@k_7amad_ في مدرسة عنا بالحارة فيها ملعب بروح زي المتوحد بلعب لحالي😂,ar,[],[],[],1,0,1,[],,0
صراحه مش عارف ليش لما بلعب بضل لحالي 😂🙃!  https://t.co/exOvUj3tPk,ar,[],[],['https://pbs.twimg.com/media/EYI9cjAWsAEiqTA.jpg'],0,0,2,[],,1
اذا حتدخلون تويتر وتشوفون فكيو قايز بلعب لحالي💔,ar,[],[],[],0,0,0,[],,0
رحت مكنتش اعرف في غرفه للبريك وتضل قاعده ب القاعات لحالي لمده يومين اليوم التالت سمعت موسيقى وناس بتضحك دخلت ع الغرفه ودقيت الباب 😂😂😂😂 لقيت اشي بلعب شده اشي بدرس واشي باكل وبرقصوا ومن هنا بدأت السعاده 😂,ar,[],[],[],2,0,5,[],https://twitter.com/eid_tuqa/status/1261101898230386689,0
@yasmine_khairi بالببجي كنت بلعب سكواد الدائره كلش بعيده وما معي دم واجه الزون طبعا ف واحد من التيم ضل معي عشان ما اموت لحالي 😂❤️,ar,[],[],[],2,0,0,[],,0
@Fofa_45492478 وانا مثلك 😂 بس قلت لحالي بما اني ما بلعب هلأ وما بعرف كتير عن الألعاب الحديثة ف ساويت خطأ,ar,[],[],[],0,0,0,[],,0
انا ليش ماالعب اوفر واتش لحالي؟   دايم ادخل مع اخوياي منوب ولا يرتفع رانكي 😂 الزبدة قررت اني بلعب سولو لين اجيب ماستر وبعدها طز خلاص  حاليا ساعتين ونص رفعت رانكي ١٥٠ تقريبا  وناوي انام اذا ارتفعت ٢٥٠ عالاقل  🌚,ar,[],[],[],1,0,1,[],,0
نسيت اني بلعب لحالي كذا والا كذا  https://t.co/GvjBGQWFGv,ar,[],[],['https://pbs.twimg.com/media/EXstKxlWAAAPYY2.jpg'],3,0,2,[],,1
@Jud18_ بلعب لحالي ومابفوز,ar,[],[],[],1,0,0,[],,0
@ahmed_adawiy انا معنديش فريق بلعب لحالي,ar,[],[],[],1,0,0,[],,0
يعني انن اغلب وقتي قاعد بالمجلس لحالي بلعب كمبيوتر، امي تجي تطفي المكيف بعز النهار و الشوب ليش🙂,ar,[],[],[],0,0,0,[],,0
انا معاد بلعب لودو لحالي ياشباب,ar,[],[],[],2,0,0,[],,0
@bataleh إذا متضايق من شغلة عم بعملها لحالي (شغل مثلًا) بروح ألعب من أطفالي أو أشوف شو عم يعملوا إذا متضايق منهم :] يا بقرأ يا بكتب يا بلعب رياضة سريعة هذا بأوقات الحجر غالبًا بطلع أمشي مشي سريع بالأحوال الطبيعية أو مرات بسمع أغاني مفضلة وبكون حاطط الكلمات أمامي وبرددها وراء المغني/ة,ar,[],[],[],1,1,2,[],,0
حكيتلك إني بحاول أتغيّر ! أنا بدأت أتغير ، عصبيتي و إنفعالاتي السريعة صارت تخف صرت أمسك أعصابي و عرفت أكون هادية  زعلانة و تعبانة بغيابك ؟ كتير أكتر من م ببتخيل  بس صرت أشغل حالي بالمطبخ أو بلعب  نزلت call of duty لأنك حكيتلي مرة إلعبي و حاربي معي بلعب لحالي و بستنى أقدر ألعب معك,ar,[],[],[],3,2,6,[],,0
@hamzajodaa @katary_4 روق يراجل بلعب لحالي بتجلى بلعب معكم بشوفش الخير لا كيل  ولا اي حاجة دمج ١٢٠٠ و كيلاتي ٣,ar,[],[],[],0,0,0,[],,0
@X0nX2 @justacrazy0 اصلاً بلعب معها لحالي 😛😛😛,ar,[],[],[],1,0,0,[],,0
@iloberryve هفف خلاصص ركدتت بس يعني انا مغبره يااا خلاصص بلعب لحالي ):,ar,[],[],[],0,0,0,[],,0
@ND_VL1 جويييي انا بلعب لحالي😍,ar,[],[],[],1,0,0,[],,0
هو لحالي برج راسي لما اتمضمض ولا الكل زيي 🙂  بحس قاعد بلعب ابن اختي 🙂😂,ar,[],[],[],0,0,0,[],,0
عادي أصلاً لو ما بدكم ألعب معكم بروح بلعب لحالي وببعت لحالي وبعمل سكرينشوت لحالي,ar,[],[],[],1,0,0,[],,0
@Vincen4t اي والله ،بس المشكلة ناقصني معزز ، طول الوقت العب لحالي واذا جيت بلعب مع احد يصير جنبي ازعاج ومقدر اتكلم بالمايك مع اللي معاي 😂😂,ar,[],[],[],0,0,0,[],,0
@Itznoura8 لا بلعب مع ريما لحالي عشان افوز كل شوي,ar,[],[],[],1,0,0,[],,0
@IJalalah بلاش بلعب لحالي 😅😹😹💔,ar,[],[],[],0,0,0,[],,0
حتى لو بلعب لحالي يدي انكسرت ومنسده نفسي,ar,[],[],[],0,0,1,[],,0
@YousefMeqdad8 بلعب لحالي تيم هبل والي فترة سايبها ههههه اسال امجد عني,ar,[],[],[],1,0,0,[],,0
شكلي بلعب لحالي,ar,[],[],[],0,0,0,[],,0
@ABOUD_RAMEZ @Mohamma30145651 ماشي اذا فش تيم بلعب لحالي,ar,[],[],[],2,0,1,[],,0
بلعب ريزيدنت ايڤل بس انا خواف وزلابه ومابي العب لحالي بفتح لايڤ تعالوا,ar,[],[],[],2,0,2,[],,0
@Ozz__96 بلعب لحالي يعني 🙂🙂,ar,[],[],[],0,0,0,[],,0
@punxr6 بلعب لحالي,ar,[],[],[],0,0,0,[],,0
لو تجيني تقول ان مودي مايسمح او تراك مثقل علي ابي اسوي ذا الشيء لحالي ولا انا بلعب مع اخوياي بطلع قسسسم بالله اشوفك بعيني شيء عظيييم جداً انك قلت هذا الكلام ، واطلع انا بدون زعل ولا شيء واروح اقدر ادبر نفسي قسسم ، لا تجي تقولي ابوي يبيني وانا داري انه برا بيتك اصلاً ياهطف,ar,[],[],[],1,0,0,[],,0
@Hn2i_ افاا شكلي بلعب لحالي اليوم 😔😔,ar,[],[],[],0,0,0,[],,0
@MrMrKlNG انا بلعب بينج ٢٠ خط STC فايبر ١٠٠ ميجا لحالي وماتشات سريعه جدا وماتشات مبقدرش الف بسانت ماكسيمان البيرث داي او نيمار انفورم  بلعب مع ناس في مصر اللي بيلعبو علي بينج ٨٠ لعيبتهم اخف مني,ar,[],[],[],1,0,0,[],,0
@_Lomiz و ما ادري اذا انا لحالي لكن لما العب ذي اللعبة خصوصا بحس بشعور ثاني حتى بشم رحية غريبة و انا بلعب والله لذي الدرجة حتى في شعور في ما بعرف كيف بدي اوصفه لكن هذا الشعور بصيبني لما العب جزء جديد من resident evil,ar,[],[],[],1,0,1,[],,0
يويلي كنت بلعب لحالي انكبو علي ناس مضحك😭,ar,[],[],[],1,0,2,[],,0
طبعاً كل يوم تطلع لي وحده العب معها واصرفها واللحين ابي احد يلعب معي كلهم اختفوا لعنهه😃😃بلعب لحالي احسن😴,ar,[],[],[],0,0,0,[],https://twitter.com/hellatmylife/status/1251679557754802177,0
@Perfbayan2 مايغلى علي لاني بلعب لحالي 😔,ar,[],[],[],1,0,0,[],,0
اوك فاتتني .. بلعب لحالي 😔,ar,[],[],[],0,0,0,[],https://twitter.com/FahdahsArt/status/1250476750888488961,0
@Raghad_rl الايبك بلعب لحالي,ar,[],[],[],0,0,0,[],,0
@sarvasoi يع فورتنايت ولا مره لعبتها ولا بجربها بعد بس ببجي ع حسب اذا حد قالي العب بلعب بس انا العب لحالي لا حشى عليي هذي النونو ادمان بعديه عنها🙂🙂🙂,ar,[],[],[],1,0,0,[],,0
العاب الاونلاين مثل pubg بحس متعتها يلعب الواحد مع اللي بعرفهم متل القرايب او الصحاب واذا ما حدا موجود بلعب لحالي جد كتير مغص تلعب مع ناس ما بتعرفهم 🤦🏻‍♀️,ar,[],[],[],0,0,2,[],,0
لقيت اخوي الصغير يلعب مع اخوياه قلت له هات بلعب معهم هو يحسبني طفشان و في الواقع انا ما خذيت اليد الا عشان العب مع ناس مليت و انا العب لحالي,ar,[],[],[],2,0,1,[],,0
بلعب اوت لاست لحالي الله يستر,ar,[],[],[],1,0,0,[],,0
@carvliy انا أطفش والله 😂 اذا بلعب لحالي بلعب اوفرواتش احبها دايم العبها,ar,[],[],[],0,0,0,[],,0
@Alhashim55 @Nazar_reeda كنت بلعب لحالي و يوم جيت قلت حلو جا الا اكسر راسه و تبغى تهرب ! 🙈😂😂,ar,[],[],[],0,0,0,[],,0
@iNawaf4k اسحب عليهم ي رجال انا اعطيهم الزبده بلعب سومبرا واسوي شغلي وما ابغى منكم هيل ولا شي خلوني فلانكر لحالي اعتمد على نفسي,ar,[],[],[],0,0,0,[],,0
اوكي بلعب لحالي 💅🏻,ar,[],[],[],0,0,0,[],https://twitter.com/einalae/status/1247387840612368384,0
@3kroosh_ انا بلعب لحالي و بحساب نوب بس بينزلوني مع نوبات و بوتات 🤣🤣🤣🤣🤣🤣🤣🤣🤣🤣  https://t.co/GGGu1DE0xN,ar,[],[],['https://pbs.twimg.com/media/EU6-STGX0AMnPd4.jpg'],0,0,1,[],,1
"قريت مقولة بتقول ""الوقت الذي تمضيه وأنت سعيد ليس اضاعة للوقت"" ومن وقتا لهلا ما درست شي لانو ببساطة  بعلق بحديث عغروب رفقاتي وبروح ساعات بقول لحالي معلش انا سعيدة ليس اضاعة للوقت بلعب أونو مع جيراني وساعات ليس اضاعة للوقت بطبخ وباكل ليس اضاعة للوقت سعيدة انا 😂🤦🏻‍♀️",ar,[],[],[],1,0,22,[],,0
@DimaJweihan برافوووو.. انا بلعب منيح لحالي بس حابة اجيب شوية اشياء 😅,ar,[],[],[],0,0,1,[],,0
@_M6llll بلعب لحالي.,ar,[],[],[],0,0,0,[],,0
@shd_31 عادي بلعب لحالي اصلاً  https://t.co/SojphDCJPt,ar,[],[],['https://pbs.twimg.com/media/EUzC7LSWoAY8rT2.jpg'],1,0,0,[],,1
لو سمحتوا لا تنسون تجون البث بعد العشاء بلعب RE3 ومابي اخاف لحالي😣,ar,[],[],[],0,0,0,[],,0
@Nourassar1 بلعب مع نفسي اريحلي 😂  لحالي احلالي,ar,[],[],[],1,0,0,[],,0
@Nawali26 اقول نزلي فعالية بموت طفش😂🏃‍♀️ ونا لحالي بلعب وافوز,ar,[],[],[],0,0,0,[],,0
@9Musaed يعني تبيني انجلط لحالي ؟ اذا فيه سلاح قوي بلعب فيه لين يضعفونه حتى لو كان سيف,ar,[],[],[],0,0,0,[],,0
@Sweatyy_ash والله الراندوم يجلطون عشان كذا مستحيل ادخل العب لحالي الا لو بلعب سولو,ar,[],[],[],1,0,0,[],,0
بعد الفجر بلعب كومب وبحرق ومب ازين لكم لو خليتوني لحالي,ar,[],[],[],0,0,0,[],,0
@Amool0812 بلعب لحالي ضدكم يجي ؟,ar,[],[],[],0,0,0,[],,0
@Nawafahd11 @Topman500_ بلعب ردر لحالي,ar,[],[],[],0,0,0,[],,0
@ahmad_z742 طب الى تحطني ف موقف بايخ قول لما كنت بلعب لحالي,ar,[],[],[],1,0,0,[],,0
@Abdallah444039 لا بالاول انا بلعب لحالي كم جيم بقوي نفسيي وبعدهاا بدخل معكم عشان اورجيكمم😂😉,ar,[],[],[],0,0,0,[],,0
@merakhaled_20 للأسف بلعب لحالي 😟,ar,[],[],[],0,0,1,[],,0
@abcvhn كل واحد يلعب بالطريقه الي تعجبه. غالبا بلعب لحالي في الختمه الثانيه,ar,[],[],[],1,0,0,[],,0
اه يعني مش انا لحالي بلعب معهم، بس سؤال جد هما أشخاص حقيقيين ولا افتراضيين من اللعبة ؟؟!!,ar,[],[],[],2,1,2,[],https://twitter.com/itsNourr218/status/1244643462684774402,0
شكله بلعب حديد خايف اتنمر عليه لحالي يذبحني,ar,[],[],[],1,0,0,[],,0
@MMG0098 خلاص انا حملت overwatch بلعب لحالي,ar,[],[],[],1,0,0,[],,0
@UAETechs شباب و الله طفشت بلعب لحالي و في حاجات مبقتش فاهمها في اللعبه لو في كلان كويس او جروب واتس اب يا ريت احد يضيفني فيه  osmms3 ايدي,ar,[],[],[],0,0,0,[],,0
@UAETechs شباب و الله طفشت بلعب لحالي و في حاجات مبقتش فاهمها في اللعبه لو في كلان كويس او جروب واتس اب يا ريت احد يضيفني فيه  osmms3 ايدي,ar,[],[],[],0,0,0,[],,0
@galelah1 اوكي بلعب لحالي,ar,[],[],[],0,0,0,[],,0
اوكي بلعب لحالي,ar,[],[],[],0,0,0,[],,0
@RoyalAzizz اذا بلعب لحالي أخذه لنه حق درعمه و هروب,ar,[],[],[],1,0,0,[],,0
@olakhaled99 إسمعي أنا تعلمت لحالي ، بفوت بلعب مع حالي ، وبقرأ القوانين .,ar,[],[],[],1,0,1,[],,0
مآ معقول ضليت نص سآعة عم بلعب لحآلي.,ar,[],[],[],1,0,0,[],,0
"رجعتوا لماضيكم ي جيل الطيبين 🥺  ""فرصه نرجع للكيرم بس انا لحالي بلعب مع الجدار🙄  https://t.co/zNziuf19Zt",ar,[],[],['https://pbs.twimg.com/media/ET0jnokXQAQv1Y2.jpg'],1,0,0,[],,1
@karambko لحالي بلعب,ar,[],[],[],0,0,0,[],,0
@3batchiOSH واللهي ما بلعب لحالي لاني لو اشتريها لازم اخوياني يشتروها معي برضو,ar,[],[],[],1,0,0,[],,0
@itsnotNJ انا بلعب بدوري لحالي,ar,[],[],[],0,0,1,[],,0
@za52_ بلعب لحالي,ar,[],[],[],1,0,0,[],,0
اصدقائي ناموا بلعب ببجي لحالي😔,ar,[],[],[],1,0,0,[],,0
@elmadhoun_anas ونا لما بلعب لحالي بجيب كيلات ونقاط بس العب معك انت وعماد بس بنموت كل مننزل,ar,[],[],[],0,0,1,[],,0
@SamaAhm52612774 ههههههههههه قال بتقولو لحالي تطقعني هاند وتركت الباقي🤣🤣 المشكله اخوي راسي مدعدر وبضحك.وبعدو بلعب,ar,[],[],[],1,0,1,[],,0
@qd7mz ما بلعب لحالي,ar,[],[],[],1,0,0,[],,0
قاعده لي ساعه اعلم اخوي الصغير لعبه اكس او والحين يوم تعلم يقولي خلاص بلعب لحالي؟؟؟؟؟؟,ar,[],[],[],0,0,0,[],,0
@itluj يلا بلعب معاك بس لحالي مامعي احد   الايبك over Law,ar,[],[],[],0,0,0,[],,0
@henar37 سيبك منهم يا هينار بجد انا اكتر فترة خسيت فيها والتزمت وقت ما كنت بلعب لحالي بالبيت بزبط وقتي براحتي ومن غير ما حد يرخم عليكي ف الجيم💪🏻💪🏻🏃🏻‍♀️,ar,[],[],[],0,0,0,[],,0
في حد بلعب لعبة التخمين وهو بسوق نفسي؟ لما اكون لحالي بخمن اَي دقيقة حوصل مشوراي او البيت .. و كل شوي يضل أراقب الساعة اذا حفوز في التحدي ولا لاء 😂🚶🏻‍♀️  #فعاليات_نار,ar,[],[],[],0,0,1,['فعاليات_نار'],,0
والله حدكم ماش بلعب لحالي  https://t.co/I1vPijv1h5,ar,[],[],['https://pbs.twimg.com/media/ESvP2V4XkAIUonX.jpg'],0,0,0,[],,1
الحمدلله مش لحالي بلعب معهم 😂,ar,[],[],[],1,1,2,[],https://twitter.com/alathamneh94/status/1237101233112076291,0