date,time,tweet,language,mentions,urls,photos,replies_count,retweets_count,likes_count,hashtags,link,quote_url,video,thumbnail,reply_to
2020-06-21,01:04:57,@Roger0San تعجبني، افضل لك والله انا اول ختمة كذا لعبت لحالي,ar,[],[],[],1,0,0,[],https://twitter.com/Mohanned_AOT/status/1274463273224716289,,0,,"[{'screen_name': 'Roger0San', 'name': 'مدري', 'id': '1289862961591443457'}]"
2020-06-20,21:34:36,@Basharkk انا مقدر العب الين واحد يرسلي دعوة اذا لعبت لحالي قيم ولا قيمين و يكرشني معد ادخل,ar,[],[],[],0,0,0,[],https://twitter.com/ghost__141/status/1274410337970917376,,0,,"[{'screen_name': 'Basharkk', 'name': 'Basharkk 🧟\u200d♂️', 'id': '258018634'}]"
2020-06-20,20:18:49,واسوي نفسي زكية كل شوية ارجع للعبة اللي ضعت فيها وما الاقيهم 😂 وبدل ما العب لحالي وانسى اني ضايعة جلست ادور عليهم واستناهم يلاقوني وهما لعبو كل شي وخلصو 😂😂😂😭💔 وجمانة لعبت تاني معايا لمن لقيوني☹❤ تفتكري؟ 😂 @jomanajom_,ar,"[{'screen_name': 'jomanajom_', 'name': '🖤', 'id': '925718112'}]",[],[],2,0,0,[],https://twitter.com/Rasho5M/status/1274391265648525312,,0,,[]
2020-06-19,18:09:21,صح نسيت اقول ان امس ما لعبت مع احد كله لحالي ف التجمع واتضارب مع العالم بالكتابه,ar,[],[],[],1,0,0,[],https://twitter.com/iMaimounah/status/1273996297331044357,https://twitter.com/iMaimounah/status/1273637903097376773,0,,[]
2020-06-19,15:11:27,@_illi90 انا لعبت مع ناس ياخذون سياره لحالهم ويخلوني بسياره لحالي .,ar,[],[],[],1,0,0,[],https://twitter.com/wlVq_/status/1273951528756432897,,0,,[]
2020-06-19,09:40:36,@lii2ik الله يسامحك لعبت لحالي طفشت,ar,[],[],[],1,0,0,[],https://twitter.com/kcll_7/status/1273868267136987138,,0,,"[{'screen_name': 'lii2ik', 'name': 'عزيز', 'id': '1240783079838547978'}]"
2020-06-19,04:55:37,@Sweetdwarf3 بعيد عن ببجي كل الالعاب استانس اذا لعبت لحالي ومرات لا لازم معي ناس,ar,[],[],[],1,0,0,[],https://twitter.com/fxurtez/status/1273796545293549569,,0,,[]
2020-06-18,22:53:41,@Mriiiil @DictNo لعبت اليوم مع واحد بن كلب مسوي جلاد وكل شوي نبش ويطيح وانا الي اقعد لحالي واجلدهم والله بشينا على ثلاث اتيام واول واحد يطيح هو والمشكله اول مره اجيب ١٥ كِل في اوربا وطاح المره الرابعه وجيت اساعده ورماني واحد وبعدت منه ومات جلس يسب فيني ابن الكلب طيب قدر اني مساعدك ٣ مرات يا كلب,ar,[],[],[],1,0,0,[],https://twitter.com/5EQXI/status/1273705463604039681,,0,,"[{'screen_name': 'Mriiiil', 'name': 'مشاعل.', 'id': '713342649521029120'}, {'screen_name': 'DictNo', 'name': 'نورا ديكتيوتا', 'id': '758370511'}]"
2020-06-18,06:32:56,@a10x17 انا لعبت اول شى بالاتحاد وبعدين نابولي وبرشلونة وصلت ٩٢ اخذت ٩ سنوات اكثر الاعبيه الى اعرف لهم اعتزلوا وضليت لحالي أنافس نفسي بس سانشو الكلب هو ومبامي معي 😂😂😂😂,ar,[],[],[],0,0,0,[],https://twitter.com/aazzss123123/status/1273458648531034120,,0,,"[{'screen_name': 'a10x17', 'name': 'دعواتكم لصاحبة الحساب بالرحمة', 'id': '1175412695165747201'}]"
2020-06-17,14:27:50,@Hannibal_8 اي والله إذا لعبت سكواد اخش لحالي أهم شيء ما ألعب مع بنات 🤮,ar,[],[],[],0,0,0,[],https://twitter.com/KQUQX/status/1273215775432749060,,0,,"[{'screen_name': 'Hannibal_8', 'name': 'هانيبال', 'id': '880475458042818560'}]"
2020-06-17,03:06:47,@undead_noob ايه اذكرك يابو داحم وش دعوة لا انا اقصد اني قد لعبت معك مرة اوفر يا الكويك او احد الشطحات اللي العبها بالكومب احيانا لحالي 😅 بس ميرسي اخذ بالكومب على شان ما انكب الفريق 🌚🙏😌,ar,[],[],[],0,0,0,[],https://twitter.com/fahood0599/status/1273044383563239425,,0,,"[{'screen_name': 'undead_noob', 'name': 'dead', 'id': '856182374'}]"
2020-06-16,22:30:42,"و انا بزر اذا امي راحت عزيمه اطفش من البزران و بس ابكي الين نرجع البيت ""نكد كن يومي""و ما انبسط الا اذا لعبت لحالي او مع اختي غيره لااا",ar,[],[],[],0,0,0,[],https://twitter.com/__Anaa_a/status/1272974905760518145,https://twitter.com/__Anaa_a/status/1272974331652583430,0,,[]
2020-06-16,21:24:44,فيني طبع التخّلي يمكن بسبب طفولتي كانت امي تعاقبني بشكل قاسِ و غالباً اكون لحالي فـ كان الطُز اكثر شيء يشتغل عندي واكمل اطلع لي لعبه من تحت الارض لو اسولف مع نفسي كذلك بالابتدائي اي صديقه تبعد اتركها لدرجة اذكر ادخل المدرسة اطلع ما لعبت مع احد,ar,[],[],[],1,0,0,[],https://twitter.com/savnotsava/status/1272958302205497345,,0,,[]
2020-06-16,15:08:34,محتارة ايش اشتري ابغى لاب توب عشان لاب توبي يعلق وسيئ وفجأة يقفل والتلفزيون حقي نفس الشئ يخرب فجأة والألوان تختفي فصوتوا  ١-لاب توب عشان الأفلام والتورنت ٢-تلفزيون اتابع فيه افلام ونتفلكس  ٣-بلايستيشن بس ماقد لعبت به لحالي واخاف مايعجبني بس مره ابغاه ٤-PS VR مررره نفسي فيه,ar,[],[],[],7,0,1,[],https://twitter.com/Iwdfumyd2/status/1272863637397540864,,0,,[]
2020-06-15,23:46:48,#ببجي احس اذا لعبت ببجي لحالي اخاف  https://t.co/AgYa85lpq3,ar,[],[],['https://pbs.twimg.com/tweet_video_thumb/EalLwAgXkAQw2s4.jpg'],0,0,1,['ببجي'],https://twitter.com/_poxiis/status/1272631668118093827,,1,https://pbs.twimg.com/tweet_video_thumb/EalLwAgXkAQw2s4.jpg,[]
2020-06-15,07:42:08,@_rrrr6 @2bixu خير كله من السلقه ذي اللي اسمها رزان طردتني بعد انا وزعلت لعبت لحالي💔.,ar,[],[],[],1,0,0,[],https://twitter.com/1xvaz/status/1272388902213619721,,0,,"[{'screen_name': '_rrrr6', 'name': '🍃', 'id': '1325307667942940673'}, {'screen_name': '2bixu', 'name': 'ّ', 'id': '714255593859596292'}]"
2020-06-15,06:01:31,اذا لعبت لحالي           اذا لعبت مع اخوياي  https://t.co/x87hapMRIH,ar,[],[],"['https://pbs.twimg.com/media/EahX7cBXkAETfCM.jpg', 'https://pbs.twimg.com/media/EahX7cBXkAACuDr.jpg']",0,0,1,[],https://twitter.com/Flaisal/status/1272363580516638720,,1,https://pbs.twimg.com/media/EahX7cBXkAETfCM.jpg,[]
2020-06-14,16:30:19,@Sweatyy_ash اقول لك إذا لعبت بدون بث قسم بالله انتظر اي تيم ضدي يتحرش عشان اقول لهم انزلو برايفت وانا  لحالي اكون واثق من الأيم وثوق ماهو طبيعي لكن إذا فكيت بث ابي الستر بس واني ما انفضح 💔,ar,[],[],[],1,0,0,[],https://twitter.com/_ltofe/status/1272159435285241856,,0,,"[{'screen_name': 'Sweatyy_ash', 'name': 'اشرف', 'id': '909251457437839360'}]"
2020-06-13,18:18:56,@iabualmsh ما العب لحالي غالباً لكن اذا لعبت لحالي اسوي بارتي عشان ما اسمعهم,ar,[],[],[],0,0,0,[],https://twitter.com/vo1rd/status/1271824381262643201,,0,,"[{'screen_name': 'iabualmsh', 'name': '.', 'id': '809148051478683648'}]"
2020-06-13,17:39:53,@Osamh_fut يعدلون طور الفولتا الكل ساحب عليه بس انا لحالي العب 👀 و الركنيات الجزء هذا كامل من اشهر لعبت فيه عدد اهداف الركنيات ماتتعدا العشر,ar,[],[],[],0,0,0,[],https://twitter.com/iiizs9/status/1271814553165344768,,0,,"[{'screen_name': 'Osamh_fut', 'name': 'FIFA21 | OSAMAH', 'id': '821706090'}]"
2020-06-13,16:57:21,اذا لعبت سيرش لحالي — اذا لعبت مع صديقاتي  https://t.co/RJgKzJ19k8,ar,[],[],"['https://pbs.twimg.com/media/EaZa2svXkAAQ9qd.jpg', 'https://pbs.twimg.com/media/EaZa2swXYAEky3Q.jpg']",1,2,2,[],https://twitter.com/Euphoriasa__/status/1271803848718536705,,1,https://pbs.twimg.com/media/EaZa2svXkAAQ9qd.jpg,[]
2020-06-12,01:28:52,@M7723665589 أول شي انا انسحبت من القيم وكيف دمجي 770 وبعدين بنت ضدها ثنين يعني لو لعبت ضدك لحالي بفوز؟ لو رجال أنزلي لحالك  https://t.co/wdPOdv8Ik9,ar,[],[],"['https://pbs.twimg.com/media/EaQ8v6RX0AAb1NR.jpg', 'https://pbs.twimg.com/media/EaQ8wUsXsAEAOZR.jpg']",0,0,0,[],https://twitter.com/Nona4464/status/1271207802040614913,,1,https://pbs.twimg.com/media/EaQ8v6RX0AAb1NR.jpg,"[{'screen_name': 'M7723665589', 'name': 'M', 'id': '1267118599359082497'}]"
2020-06-11,11:29:47,كم من١٠ تحب ببجي — العب ببجي بس عشان السواليف مع عشان اللعبة ما كد لعبت لحالي   https://t.co/Rw9gS7JzjE,ar,[],['https://curiouscat.qa/KH101/post/1109550791'],[],0,0,0,[],https://twitter.com/KH101_/status/1270996638262333440,,0,,[]
2020-06-11,03:34:54,@p2iv_ اذا لعبت سيرش وبقيت انا لحالي,ar,[],[],[],2,0,0,[],https://twitter.com/xRiio/status/1270877130969284614,,0,,[]
2020-06-11,03:33:11,اذا لعبت لحالي.       اذا لعبت مع خوياني  https://t.co/70Hdw0k6Nf,ar,[],[],"['https://pbs.twimg.com/media/EaMPnB6XQAEue2Z.jpg', 'https://pbs.twimg.com/media/EaMPngWXkAARFBr.jpg']",1,0,1,[],https://twitter.com/iiJoker17/status/1270876698003857414,https://twitter.com/wonha0/status/1270779646964105216,1,https://pbs.twimg.com/media/EaMPnB6XQAEue2Z.jpg,[]
2020-06-10,23:03:36,وضعي اذا لعبت كود لحالي :  https://t.co/bmBYCs3zVa,ar,[],[],[],0,0,1,[],https://twitter.com/thamerx121/status/1270808857523208193,,1,https://pbs.twimg.com/ext_tw_video_thumb/1270808823851253765/pu/img/Q_unlDGTPEahPxQ4.jpg,[]
2020-06-09,23:56:56,اذا لعبت لحالي:                 اذا لعبت مع شذا:  https://t.co/qNrRQAo5i6,ar,[],[],"['https://pbs.twimg.com/media/EaGUPc9XgAAkRTG.jpg', 'https://pbs.twimg.com/media/EaGURYnXsAUlaTQ.jpg']",1,0,1,[],https://twitter.com/ma_aq111/status/1270459889115181059,,1,https://pbs.twimg.com/media/EaGUPc9XgAAkRTG.jpg,[]
2020-06-09,20:52:53,@llll4iill4 للاسف اقابل سكودات لحالي ماعمري لعبت مع احد 🌚🤭🌚🤭,ar,[],[],[],0,0,0,[],https://twitter.com/bandershaker2/status/1270413570631708674,,0,,"[{'screen_name': 'llll4iill4', 'name': 'Am', 'id': '1244591661147136000'}]"
2020-06-09,17:11:43,@IIZombiesII اتفق معك كماب لعبت فيه ( لحالي ) 😍,ar,[],[],[],0,0,1,[],https://twitter.com/Zraki779/status/1270357914260307971,,0,,"[{'screen_name': 'IIZombiesII', 'name': 'BOZombies', 'id': '2918270786'}]"
2020-06-09,02:11:21,@stillfukindead لا ماتو كلهم انا لعبت لحالي,ar,[],[],[],0,0,0,[],https://twitter.com/joker_a9/status/1270131329255030784,,0,,[]
2020-06-08,23:12:36,لازم اقنع نفسي اذا لعبت عند اهلي ما اتخيل اني جالسه لحالي لان مو طبيعي السب اللي يطلع,ar,[],[],[],1,0,0,[],https://twitter.com/Theleoll/status/1270086345394917376,,0,,[]
2020-06-08,13:05:57,@nenochan01 لعبت السابع و الثاني و هذا الثالث كلهم اكون لحالي و حاطه سماعات 😭😭😭😭💔,ar,[],[],[],1,0,0,[],https://twitter.com/Quite069/status/1269933678072823808,,0,,"[{'screen_name': 'nenochan01', 'name': '𝓝𝓔𝓝𝓞 𝓒𝓗𝓐𝓝', 'id': '1221248279192776704'}]"
2020-06-07,04:59:39,كنت دائماً العب قراند أون لاين لحالي واليوم لعبت مع ولد عمي الصغير وطلع ممتع تلعبين مع شخص .,ar,[],[],[],2,0,2,[],https://twitter.com/_liv95/status/1269448909593751552,,0,,[]
2020-06-06,12:57:50,انا اذا لعبت لحالي اموري تزين لكن اذا لعبت مع احد.....,ar,[],[],[],0,1,0,[],https://twitter.com/6i_mx/status/1269206860294430726,,0,,[]
2020-06-05,23:22:14,ماما بعد مافازت علي ١٩ مقابل صفر قالت ياليت لو لعبت لحالي  https://t.co/1oydVvSmeJ,ar,[],[],['https://pbs.twimg.com/media/EZxmOsWXsAIZs4k.jpg'],0,0,0,[],https://twitter.com/xbr_9/status/1269001604558204928,,1,https://pbs.twimg.com/media/EZxmOsWXsAIZs4k.jpg,[]
2020-06-05,12:00:21,@Osamh_fut  اسامة والله يالفوت مرررررض  الكورة ما تمشي زين واللاعبين يالله يمشون!!  كل الناس كذا والا انا لحالي  لعبت مباراتين وفزت لكن ماش مررررض,ar,[],[],[],1,0,0,[],https://twitter.com/AlfredoHope/status/1268830005255188483,,0,,[]
2020-06-05,01:33:13,لعبت قيم ببجي وطلعو لي حبايب سعاوده ولما انجلدت جاء حبيب البنت يساعدني ويعبي دمي قامت زعلت وطلعت من القيم وطلع وراها وتركوني لحالي انا واماراتي فطسنا ضحك عليهم ههههههههههههههههههههههههههههههههههههههههههههههههههههههههه😭😭😭😭,ar,[],[],[],4,0,1,[],https://twitter.com/star__9s/status/1268672183439679488,,0,,[]
2020-06-04,23:05:20,@i6rBa5 ولله لو شاركت لحالي ما راح افوز ، اقولكم لعبت ماربلز مع واحد عنده ثلاث مشاهدات واربع راوندات اصير الثالث 🤦🏻‍♂️,ar,[],[],[],0,0,0,[],https://twitter.com/Be_Kind49/status/1268634965555675136,,0,,"[{'screen_name': 'i6rBa5', 'name': 'Abdulaziz', 'id': '312243525'}]"
2020-06-04,22:43:29,@lIEvvaa ادخلي مع بارتي كونسل ما عاد تشوفينهم انا طول الوقت العب مع قرايبي ما اشوف هاكات الا اذا لعبت لحالي,ar,[],[],[],1,0,0,[],https://twitter.com/vTRook1/status/1268629467624284162,,0,,"[{'screen_name': 'lIEvvaa', 'name': 'Eva 星', 'id': '1364317218'}]"
2020-06-04,19:36:34,@3lool2 والله انا اذا لعبت لحالي يجيني خوف مو طبيعي احس التيم طب علي الغرفه 😭😭  https://t.co/eT749CBwxN,ar,[],[],['https://pbs.twimg.com/tweet_video_thumb/EZro_OeXQAA5706.jpg'],1,0,0,[],https://twitter.com/YASSERASIRI/status/1268582427171196928,,1,https://pbs.twimg.com/tweet_video_thumb/EZro_OeXQAA5706.jpg,"[{'screen_name': '3lool2', 'name': 'عـلول \u200f', 'id': '534872979'}]"
2020-06-03,09:47:58,لعبت لحالي قبل شوي في المجموعات وصلت الاخيره ضدي واحد كويتي قلت خلاص بفوز وفرحانه ذبحني من اخر الخريطه ب ابو١٠٠ طلقه وما كلفه الا طلقتين ومت كيف كذا وربي بصيح بصيييييح 💔💔😭 #احذفو_لعبه_ببجي  https://t.co/Btk3oQtxYu,ar,[],[],['https://pbs.twimg.com/tweet_video_thumb/EZkYrxgX0AAhxly.jpg'],0,0,1,['احذفو_لعبه_ببجي'],https://twitter.com/ysoo404/status/1268071915450699777,,1,https://pbs.twimg.com/tweet_video_thumb/EZkYrxgX0AAhxly.jpg,[]
2020-06-03,07:05:51,@i_Abdulla14 اخذلي لعبه شاذه بمعنى الكلمه !! لها قصه والعب لحالي أخير لي من اشتري لعبة اون لاين ولا العب مع احد!! واذا لعبت مع ناس عشوائيه يسحبون علي اذا ماتوا 🥱,ar,[],[],[],1,0,0,[],https://twitter.com/Nashrmotiri/status/1268031115874439170,,0,,[]
2020-06-03,00:56:45,@iBella621 مرة لعبت مع تيم ولافكيت المايك قامو جحدوني لقو سيارة ومشو طيب انا معاكم؟!!!!! وعشان كذا احب العب لحالي,ar,[],[],[],0,0,0,[],https://twitter.com/iiisdeem/status/1267938226553184256,,0,,"[{'screen_name': 'iBella621', 'name': 'Raghad', 'id': '969879227544858624'}]"
2020-06-02,21:58:54,لعبت قيم ببجي لحالي شغال قنص للنهاية 💪🏼,ar,[],[],[],2,0,4,[],https://twitter.com/NNSS55_/status/1267893472838791172,,0,,[]
2020-06-02,21:37:17,اذ لعبت ببجي لحالي او مع تيم من العام ابدع بس لو دخلت مع ناس اعرفهم مدري وش يصير فالابداع لدرجة حتى البوت يجلدني 🚶🏽‍♂️,ar,[],[],[],5,0,4,[],https://twitter.com/komethra_/status/1267888029970182145,,0,,[]
2020-06-02,11:04:14,@hLNIbncKrAUazR4 اذا لعبت لحالي اتوتر اصير بوته💔,ar,[],[],[],0,0,0,[],https://twitter.com/iROSE_____/status/1267728719126429696,,0,,"[{'screen_name': 'hLNIbncKrAUazR4', 'name': 'R', 'id': '1194477626242588675'}]"
2020-06-01,20:55:28,@abyaby941 انا العب رندوم دايمن من عرفت اللعبه لعبت مع أصحابي من تويتر بس مو كثر لحالي ، يعني مداني اصير الموسم ذا ٢٢ واطلع حبة بس العب ٣ لعبات ع الجوال منها توب ١٠,ar,[],[],[],1,0,0,[],https://twitter.com/nono_czx/status/1267515119044608001,,0,,"[{'screen_name': 'abyaby941', 'name': 'علــ النهدي ـي', 'id': '2885551993'}]"
2020-06-01,07:52:56,ماتوقعت اكون بالمتعه هذي اذا لعبت ببجي لحالي.,ar,[],[],[],0,0,1,[],https://twitter.com/Ghadaalsrhny/status/1267318190171983872,,0,,[]
2020-06-01,02:42:06,اذا لعبت لحالي فزت اذا لعبت ويه احد هنا كل هيبتي تروح,ar,[],[],[],0,0,1,[],https://twitter.com/16_1g0/status/1267239965584437251,,0,,[]
2020-05-29,06:21:00,@iimevz لعبت dbd ساعتين لحالي طفشت وقفلت😭,ar,[],[],[],1,0,0,[],https://twitter.com/xrank3/status/1266207889565388805,,0,,"[{'screen_name': 'iimevz', 'name': 'ꜱᴡᴇᴇᴛ ʙᴜᴛ ᴘꜱʏᴄʜᴏ', 'id': '829962759232225280'}]"
2020-05-28,00:32:14,@xziifl @kingoftayheart مع ناس اعرفهم vs اذا لعبت لحالي,ar,[],[],[],0,0,0,[],https://twitter.com/fai_hamed/status/1265757730016571393,,0,,"[{'screen_name': 'kingoftayheart', 'name': 'Essa', 'id': '943809395376484352'}]"
2020-05-28,00:06:13,@xziifl اذا لعبت سيرش ومعاي اخوياي : انا لحالي ومعاي بنات 😭😭😭😭😭,ar,[],[],[],0,0,0,[],https://twitter.com/qusaijamal3/status/1265751182963806208,,0,,[]
2020-05-27,17:40:15,@k5k15_ انت لعبت معي عشان اقصدك؟؟؟ كان قيم لحالي😂💔,ar,[],[],[],0,0,0,[],https://twitter.com/KIM_J0041/status/1265654054216183810,,0,,"[{'screen_name': 'k5k15_', 'name': '.', 'id': '1173724318569775104'}]"
2020-05-26,16:48:34,اكتشفت ان ذا لعبت لحالي اعرق واذا دخلت بارتي العيال اقلب مهرج بالقيم,ar,[],[],[],0,0,0,[],https://twitter.com/C2ptin/status/1265278657368645634,,0,,[]
2020-05-26,11:57:32,@iCara95 يب لعبته لحالي بعدين لعبت مع بنت عمي بعدهاا مالعبت,ar,[],[],[],0,0,0,[],https://twitter.com/reem_chan6/status/1265205416302194689,,0,,[]
2020-05-26,11:04:54,@X4dsw فكك اذا لعبت لحالي طفش واساسا اللعبه طفش والله بيني وبينك حلوه مع اخوياك بس,ar,[],[],[],1,0,0,[],https://twitter.com/ixSnowFall/status/1265192173219328001,,0,,"[{'screen_name': 'X4dsw', 'name': '𝔈ℜℜ𝔒𝔑', 'id': '1261354471013199872'}]"
2020-05-26,10:05:54,انا ليش ارجف اذا لعبت سيرش وبقيت بالتيم لحالي!! التوتر يوصل مرحلة عاالية,ar,[],[],[],1,0,0,[],https://twitter.com/iaxzf/status/1265177322392637442,,0,,[]
2020-05-26,07:29:00,وربي مبسوط مو طبيعي اول مرا افوز بقيم لعبت فيه لحالي 😭,ar,[],[],[],0,0,0,[],https://twitter.com/rllywi/status/1265137838724612098,,0,,[]
2020-05-25,23:29:20,لعبت قيم مره لحالي ضد سكوادات قبل سنه تقريبًا جبت ٢٥ كيل و جبت القيم من بعدها اعتزلت,ar,[],[],[],1,0,0,[],https://twitter.com/a_b1422/status/1265017127284756488,,0,,[]
2020-05-25,19:03:20,اذا لعبت لحالي.              اذا لعبت مع بارتي  https://t.co/DO1YsbF2qm,ar,[],[],"['https://pbs.twimg.com/media/EY4BemQXsAABrYH.jpg', 'https://pbs.twimg.com/media/EY4BemRXsAEkJhK.jpg']",1,1,1,[],https://twitter.com/ifaisalvic/status/1264950185622474752,,1,https://pbs.twimg.com/media/EY4BemQXsAABrYH.jpg,[]
2020-05-25,18:57:30,اذا لعبت لحالي             اذا لعبت مع اللي احبهم  https://t.co/JKwDPOYfih,ar,[],[],"['https://pbs.twimg.com/media/EY4AJltWkAEAgUA.jpg', 'https://pbs.twimg.com/media/EY4AJlwWsAAEH1b.jpg']",2,3,4,[],https://twitter.com/3zton/status/1264948717221806080,,1,https://pbs.twimg.com/media/EY4AJltWkAEAgUA.jpg,[]
2020-05-25,06:37:21,@Mobily1100 السلام عليكم اخوي انا مشترك معكم بالالياف واذا لعبت كود يعطيني البنق ٢٠٠ قبل كنت العب باقل من ٢٠ المشكلة من عندكم صح لانني موب انا اللي ملاحظ لحالي كل مشتركين موبايلي ؟,ar,[],[],[],1,0,0,[],https://twitter.com/MeeSHoo_AL7RBi/status/1264762452727803904,,0,,[]
2020-05-25,04:31:01,اكره كل صحباتي ع قد المرات الي لعبت فيها ببجي لحالي.,ar,[],[],[],0,0,5,[],https://twitter.com/rad22r/status/1264730661581135872,,0,,[]
2020-05-25,00:04:35,@Hanoo3388 انتي ماتدخليني الا قيم فنانيين وش زيني لا لعبت لحالي على ٥٠٠ وافرح لما افوز😂💔,ar,[],[],[],1,0,0,[],https://twitter.com/Viola__20/status/1264663610061709313,,0,,[]
2020-05-24,06:16:11,@bllackwind انا اذا لعبت راندوم اطيح بمنوب ولا يطلعون على طول واقعد لحالي واقابل معرقين وانجلد,ar,[],[],[],1,0,0,[],https://twitter.com/Illl1a/status/1264394739882868736,,0,,"[{'screen_name': 'bllackwind', 'name': 'Samar', 'id': '845336789128810496'}]"
2020-05-23,05:46:15,لعبت ببجي مع بنات صديقات ما اعرفهم  وبدا الزون وانا لحالي كنت امشي لاني وحيده واخذت سياره ومشيت وهم جلسوا يحشون فيني لاني خليتهم وانا فعلاً سحبت عليهم 😞,ar,[],[],[],2,0,0,[],https://twitter.com/_a1958_/status/1264024815763107840,,0,,[]
2020-05-22,11:40:08,اذا لعبت فيفا لحالي انسى اللعب واجلس اتخيل 😂,ar,[],[],[],0,0,0,[],https://twitter.com/Ahm123Ali/status/1263751485512396801,,0,,[]
2020-05-22,10:46:25,@_miiim87 اكره لعبت حاولت اتعلمها وعجزت كل ماجيت الاستراحه كلهم يلعبون واجلس لحالي تطفش,ar,[],[],[],1,0,0,[],https://twitter.com/93__Omar/status/1263737968478601216,,0,,"[{'screen_name': '_miiim87', 'name': '..', 'id': '1098196678207778817'}]"
2020-05-21,14:55:39,@msfhl_NFC @wanted431 انا عجزت احصل احد يصمل كل يوم اتهاوش مع دو او تيم لعبت جنوب ولعب امريكا ولعبت شرق ومليت لحالي 😭😭,ar,[],[],[],0,0,0,[],https://twitter.com/wrd7k/status/1263438302155284480,,0,,"[{'screen_name': 'msfhl_NFC', 'name': 'مسفهل ☕️', 'id': '570304870'}, {'screen_name': 'wanted431', 'name': 'عبدالله | WANTED', 'id': '988713692136079361'}]"
2020-05-20,22:20:56,@owFuki @wifeymari @oHasty غالباً يدخلني اوروبي اذا لعبت لحالي انا اتوقع ذا مشكله عند اهل جده 🌝,ar,[],[],[],1,0,0,[],https://twitter.com/SensationalOW/status/1263187974356971520,,0,,"[{'screen_name': 'owFuki', 'name': 'Fuki', 'id': '1034064913398984704'}, {'screen_name': 'wifeymari', 'name': 'hessa', 'id': '463194354'}, {'screen_name': 'oHasty', 'name': 'Hasty', 'id': '411143755'}]"
2020-05-19,21:37:54,@_Cakepie أنا إذا لعبت مع تيم انزل لحالي😭,ar,[],[],[],1,0,0,[],https://twitter.com/Hmd6i/status/1262814755011661829,,0,,"[{'screen_name': '_Cakepie', 'name': 'ِ', 'id': '1257306977857712132'}]"
2020-05-19,14:21:06,اذا لعبت مع احد دو اضيع اصير خبله م اعرف اتصرف باللعب ابد لعبي لحالي حلو مره بس مدري شيصير اذا دخلت دو 😣😣,ar,[],[],[],3,0,0,[],https://twitter.com/lRwem/status/1262704831850037249,,0,,[]
2020-05-18,01:45:43,@mohanad_xxv @iiDutchz لعبت اليوم على ١١٠ ومدري كيف عرقت عليهم لحالي,ar,[],[],[],0,0,0,[],https://twitter.com/FLC_Hamad/status/1262152344852103168,,0,,"[{'screen_name': 'mohanad_xxv', 'name': 'Notixmhnd', 'id': '1206830800790073344'}]"
2020-05-17,13:24:40,@iiouvz خساره كنت اللعب لحالي لو داريه لعبت معاك..,ar,[],[],[],1,0,1,[],https://twitter.com/iise777/status/1261965855719665664,,0,,"[{'screen_name': 'iiouvz', 'name': 'سيرا', 'id': '1161060653853020160'}]"
2020-05-14,19:51:57,@Mohannad10_FUT انا طلعت روحي من فيفا هذا الجزاء لدرجت اني ما لعبت من شهر رغم اني فاضي جالس اضيع وقتي بارك سيرفر لحالي ولا كراش اشواء من فيفا جابتلي سكر,ar,[],[],[],0,0,0,[],https://twitter.com/tr010ki/status/1260976155085193216,,0,,"[{'screen_name': 'Mohannad10_FUT', 'name': 'مهند | FUT 💰', 'id': '2580023502'}]"
2020-05-14,06:53:55,@keere1 لحالي لعبت ورع,ar,[],[],[],1,0,0,[],https://twitter.com/Veriit8/status/1260780355327533056,,0,,"[{'screen_name': 'keere1', 'name': 'Khalid🚸', 'id': '574681284'}]"
2020-05-14,04:24:37,اذا لعبت مودرن وارفير سيرش و بقيت لحالي ضد تيم كامل :  https://t.co/WYQSxrtj8C,ar,[],[],[],0,0,0,[],https://twitter.com/Mo11aziz/status/1260742781317705728,,1,https://pbs.twimg.com/ext_tw_video_thumb/1260742754407190529/pu/img/Eu9grqzbO2mLHHK4.jpg,[]
2020-05-14,03:46:42,اذا لعبت قيمين لحالي,ar,[],[],[],1,0,0,[],https://twitter.com/awid_10/status/1260733242468110337,https://twitter.com/iyah_9/status/1260732729458647041,0,,[]
2020-05-13,19:52:25,امس لعبت قيم سيرچ والله لحالي في تيم وعليي ٦ واحد منهم يقول مسكين والله,ar,[],[],[],1,0,0,[],https://twitter.com/CuleAW/status/1260613883498319873,,0,,[]
2020-05-13,07:53:53,اذا لعبت لحالي قدام تيم يشتم اقلب لهم العريفي,ar,[],[],[],0,0,3,[],https://twitter.com/C2ptin/status/1260433056730677248,https://twitter.com/MrMrKlNG/status/1260382487068520450,0,,[]
2020-05-13,07:19:44,مافهم ليه اذا لعبت لحالي افوز وحتى اذا مافزت اقتل ناس بس مع صديقاتي بوووتت نمبر ون,ar,[],[],[],1,0,0,[],https://twitter.com/ziigv/status/1260424464283701250,,0,,[]
2020-05-12,22:41:44,@ro001_ @oz_otb1 بتعلم لحالي لو لعبت معاه بيجلدني ويصمم أعرفو الكلب.,ar,[],[],[],2,0,0,[],https://twitter.com/SAUD42_/status/1260294104581316610,,0,,"[{'screen_name': 'ro001_', 'name': 'Rama', 'id': '1026873205728980992'}, {'screen_name': 'oz_otb1', 'name': 'خــزام', 'id': '596276308'}]"
2020-05-12,11:33:42,اذا لعبت سيرش وماتوا اللي معي وبقيت لحالي عايش   اخوياي:  https://t.co/PjviUK9LmS,ar,[],[],[],2,2,6,[],https://twitter.com/xVicTorFCB/status/1260125987188158464,,1,https://pbs.twimg.com/ext_tw_video_thumb/1260125946952273921/pu/img/8iLs0meRAq4ruAGg.jpg,[]
2020-05-12,06:06:19,@Irsq7 انا اشغل السوني بس علشان العب مع الناس اذ لعبت لحالي نص ساعه واطفش واقفل,ar,[],[],[],0,0,0,[],https://twitter.com/iss20i/status/1260043599602950144,,0,,"[{'screen_name': 'Irsq7', 'name': 'Romee', 'id': '1179711355613597696'}]"
2020-05-12,01:54:44,اليوم لعبت ببجي دخلت سولو يعني لحالي يوم ركبنا الطياره صاحب الطياره اسمه نايف كل الي فلطياره ونا من ضمنهم جالسين نكلمه مطنشنا مقفل المايك جات بنت صوتها حلو قالت نايف عادي اخذ سنابك فتح المايك قال ابشري عيوني لك انزلي بوشنكي😭😭😭😭😭.,ar,[],[],[],11,1,11,[],https://twitter.com/dlx6121/status/1259980288433807367,,0,,[]
2020-05-11,16:02:09,اللهي انظر لحالي .. كافي لعبت نفسي من العراق وناسه دواكم الحجاج,ar,[],[],[],0,0,15,[],https://twitter.com/mujtabavi/status/1259831158117933056,,0,,[]
2020-05-11,06:30:57,@lllle9__ لو لعبت حتى لحالي يخوج لحالي يفوز وانا اخسر 😭😭😭😭😭😭😭,ar,[],[],[],1,0,0,[],https://twitter.com/aM_sL_/status/1259687409920376832,,0,,"[{'screen_name': 'lllle9__', 'name': 'لاما', 'id': '964840434718605312'}]"
2020-05-11,04:37:33,من زمان ما لعبت DBD لحالي واحس خايف,ar,[],[],[],1,0,0,[],https://twitter.com/vanolite/status/1259658871846637568,,0,,[]
2020-05-10,20:33:47,@Rsmy02369627 @jivll91 @lil0y_ دقيقه الحين امس لعبت لحالي وفزت معكم اصير بالبحر شسالفه😭😭😭😭😭,ar,[],[],[],1,0,0,[],https://twitter.com/_9ilij/status/1259537128721133568,,0,,"[{'screen_name': 'jivll91', 'name': '-', 'id': '1235217254708654080'}, {'screen_name': 'lil0y_', 'name': 'アリージ', 'id': '1060929713504432128'}]"
2020-05-10,14:21:23,الحين بس تأكدت من اني انا سبب كل التوتر اللي فيني.. كنت العب مع حواتي بغرض التسلية وكا عادي بعدين لعبت لحالي عشان اجيب اعلى سكور وتعععببت,ar,[],[],[],0,0,0,[],https://twitter.com/ChildofSunGlow/status/1259443411842629633,,0,,[]
2020-05-09,05:46:03,قرأت قرآن ✅ درست ✅ اشتغلت ✅ لعبت رياضة ✅ زبطت السيرة الذاتية ✅ قدمت طلبات توظيف لليونيسكو و اليونيسف (اخدوا معي بحدود ٤ ساعات) ✅ و لسا ما عرفت اغير جو لحالي و أطلع من جو الإكتئاب الي انا ❌ يا الله 🙏🏼🙏🏼,ar,[],[],[],0,0,2,[],https://twitter.com/majdkha51978069/status/1258951335652790279,,0,,[]
2020-05-08,22:25:55,ملأت الفراغ بـ اوفرواتش لكن مشكلتها اذا ما لعبت مع أصدقائي اطفش عكس BO4 السنه اللي راحت حتى لو لحالي مستحيل اطفش,ar,[],[],[],0,0,0,[],https://twitter.com/martyrlogarius2/status/1258840572510515206,,0,,[]
2020-05-08,20:05:03,@iCara95 بالضبط اذا لعبت لحالي العب قيم ويمكن اطلع وسط العب لاكن مع الفرندز لا العب اكثر من عشر مراتت,ar,[],[],[],0,0,0,[],https://twitter.com/reem_chan6/status/1258805124610359297,,0,,[]
2020-05-08,16:26:55,@yara4I الساعه 2 لعبت لودو ساعه لحالي🌚,ar,[],[],[],2,0,0,[],https://twitter.com/amjad7l/status/1258750226569072641,,0,,"[{'screen_name': 'yara4I', 'name': 'ِ', 'id': '1055436866269384704'}]"
2020-05-07,10:21:49,@QSguu انا قويه اذا لعبت لحالي واذا صرت مع تيمي اصير سطططل  😂☹️,ar,[],[],[],0,0,0,[],https://twitter.com/to0t_1995/status/1258295961547419648,,0,,"[{'screen_name': 'QSguu', 'name': 'ليالي🌸', 'id': '850365800011771905'}]"
2020-05-07,09:56:24,@itnvn انا اذا لعبت لحالي اوروبا ضد اربعه احيانا اجيب الثاني واحيانا ٧ كيل و٦ كيل بس اذا لعبت مع جلادين اموت على طول او ولا كيل😭,ar,[],[],[],1,0,2,[],https://twitter.com/Alra_sa/status/1258289565628055552,,0,,"[{'screen_name': 'itnvn', 'name': 'نوره', 'id': '940361902068305920'}]"
2020-05-07,02:10:07,احد افضل الاقيام الي لعبت بس للاسف معي خشبتين. (لا تغرك الفلوس كنت اجمع و اعدي ال ٢٠٠ و ٣٠٠ الف لحالي بس اموت😔. ثم قلت ع زق ما راح اهتم اجمع، و الي معي طلعو. قلت ازيد الكلز ع الاقل😔) #وارزون  #warzone  https://t.co/gyHHCvM3ZM,ar,[],[],['https://pbs.twimg.com/media/EXXs83tU4AAkH1m.jpg'],0,0,0,"['وارزون', 'warzone']",https://twitter.com/Shilva76/status/1258172220599406592,,1,https://pbs.twimg.com/media/EXXs83tU4AAkH1m.jpg,[]
2020-05-06,19:56:52,مبسوطه أني لعبت لعبة انسىوت لي لحالي ومحد قد لعبها غيري 😓😭💙💙💙.,ar,[],[],[],1,0,1,[],https://twitter.com/_5ll5ll/status/1258078288720920577,,0,,[]
2020-05-06,07:49:11,توني لعبت راوند ذبحت فيه ٦ وانا كنت لحالي لكن المشكلة ... 🤯🤯🤯🤯,ar,[],[],[],1,0,0,[],https://twitter.com/Arsonic13/status/1257895159091662851,,0,,[]
2020-05-06,04:32:39,امس المفترض اكون فاضيه بس نمت نص اليوم و صحيت افطرت اختبرت و بعدييييييين لعبت ~ انا محب العب لحالي لان كل الالعاب اللي عندي م تنفع العبها لحالي ابي العب لعبة رعب او شيء اكون العبها لحالي بحس بالوناسه بدون م ازعج احد (´｡• ᵕ •｡`)  https://t.co/aOOBKjkZTh,ar,[],[],['https://pbs.twimg.com/media/EXTD-DaWAAA-Pxt.jpg'],2,0,0,[],https://twitter.com/vitaminsminhyuk/status/1257845701763096578,,1,https://pbs.twimg.com/media/EXTD-DaWAAA-Pxt.jpg,[]
2020-05-06,01:25:07,الوضع خرمس هدووو ولكن شركة فيفا لعبت فينا بسيرفس لحالي احلالي😂😂  https://t.co/Jd0tuFdZ9N,ar,[],[],['https://pbs.twimg.com/media/EXSZER_XsAAzyQ6.jpg'],1,0,0,[],https://twitter.com/2__vvv/status/1257798504950509568,,1,https://pbs.twimg.com/media/EXSZER_XsAAzyQ6.jpg,[]
2020-05-06,00:16:30,@xllzo اذكر مره لعبت لحالي و امحيت المكان كله,ar,[],[],[],1,0,0,[],https://twitter.com/NaifBest9/status/1257781239756525570,,0,,"[{'screen_name': 'XLlzo', 'name': 'شخص مرفوض', 'id': '1300899640938835974'}]"
2020-05-05,19:33:40,@Faisal_3397 تستهبل 😂 صرت اذا لعبت لحالي اعطيهم ميوت كلهم و اريح راسي,ar,[],[],[],0,0,0,[],https://twitter.com/AAlhowidi/status/1257710061260025856,,0,,"[{'screen_name': 'Faisal_3397', 'name': 'فيصل', 'id': '3293874516'}]"
2020-05-05,04:46:51,@iMohavmed لا لعبت لحالي يجيني النوم احسن لو معي احد,ar,[],[],[],0,0,0,[],https://twitter.com/iBusterass/status/1257486884986662916,,0,,[]
2020-05-05,01:58:35,@Ieo_layan اي لعبت لحالي,ar,[],[],[],2,0,0,[],https://twitter.com/amjad7l/status/1257444543122804737,,0,,[]
2020-05-04,18:52:24,@s0i79 بس الصراحه اللعبه حلوه مره حلوه بس تصير احلا اذا دخلتو تيم اخر مره لعبت تيم اتوقع بداية اللعبه ومع نفسيات بس كان القيم حلو بس الحين لحالي نفسيه,ar,[],[],[],0,0,0,[],https://twitter.com/o4iiilk/status/1257337289954529281,,0,,"[{'screen_name': 's0i79', 'name': 'سَ \u200f🫀', 'id': '1045880520'}]"
2020-05-04,08:22:18,اسمعوني لعبت مع يابانيين وسويت اني صايد جوهم جبت طاري ايرين وسوو لي ميوت وركبوا الهليكوبتر وخلوني لحالي، المصيبه اللهم اني صايمه اصواتهم حلوه موت وتحسين صدق انك بأنمي والأول بعد ماركب الهليكوبتر قولي جانا جانا قلت له جانا يامال العافيه وبعدها ضافني وماقبلته لان لست عندي كرامه  https://t.co/NHZ07dNHGP,ar,[],[],['https://pbs.twimg.com/media/EXJlYJDXQAAjho8.jpg'],0,0,2,[],https://twitter.com/CB97FELX/status/1257178719598399494,,1,https://pbs.twimg.com/media/EXJlYJDXQAAjho8.jpg,[]
2020-05-04,06:05:48,صرت اذا لعبت لحالي في ببجي ادخل مستودعات كرهت ألعب كلاسيك مع عشوائي 🙁💔  https://t.co/aNPvCfZM6e,ar,[],[],['https://pbs.twimg.com/media/EXJGIZYWAAIGIdh.jpg'],0,0,1,[],https://twitter.com/iMaimounah/status/1257144366747078662,,1,https://pbs.twimg.com/media/EXJGIZYWAAIGIdh.jpg,[]
2020-05-04,05:13:02,اذا لعبت لعبه لحالي مستحيل استمتع فيها,ar,[],[],[],0,0,0,[],https://twitter.com/ti_ej/status/1257131088465575946,,0,,[]
2020-05-02,16:22:14,ايش بالنسبه انه صاحبتي بتبهدلني وبتزعل اذا لعبت ببجي لحالي او مع حد غيرها🤦🏻‍♀️🤦🏻‍♀️🤦🏻‍♀️🤦🏻‍♀️,ar,[],[],[],5,0,18,[],https://twitter.com/rago99rag/status/1256574720713142275,,0,,[]
2020-05-01,22:30:24,حرفياً القهر مليون لعبت قيم قبل شوي وبشو علينا تيم ونوكنا٣ واقول لتيمي امشوا نبش وجالسين ولما رحت ابش لحالي حصلته مساعد كل تيمه وجلدونا💔💔💔💔💔 قسم بقررر بقررررر ٣نوك بشو الله يأخذكم  #ببجي,ar,[],[],[],1,0,0,['ببجي'],https://twitter.com/liiixup/status/1256304986612350976,,0,,[]
2020-05-01,02:20:19,بالحكم إني لعبت لحالي وقتلت هكر ..لابأس  https://t.co/8z2K8xjc7q,ar,[],[],['https://pbs.twimg.com/media/EW41vqKXsAENZCS.jpg'],0,0,0,[],https://twitter.com/Sunrise_morn/status/1256000460479238144,,1,https://pbs.twimg.com/media/EW41vqKXsAENZCS.jpg,[]
2020-04-30,22:01:32,ياخي ملاحظ اذا لعبت لحالي اصير قوي واذا لعبت مع ربعي العكس 😔💔,ar,[],[],[],4,0,0,[],https://twitter.com/ilRash_/status/1255935333482536966,,0,,[]
2020-04-30,06:55:04,لعبت سبع مراتتت لحالي,ar,[],[],[],0,0,0,[],https://twitter.com/jill9k/status/1255707214481887235,,0,,[]
2020-04-30,03:40:08,@iholyotp @Nedvred اذا لعبت ببجي لحالي وفيه سياره تمشي:,ar,[],[],[],1,0,3,[],https://twitter.com/lllqwr9/status/1255658158292373506,,0,,"[{'screen_name': 'iholyotp', 'name': '\u200fمحمد الله يعينه', 'id': '1075012621030604800'}, {'screen_name': 'Nedvred', 'name': 'mh', 'id': '1333273382113206274'}]"
2020-04-29,17:16:02,@sadboysloan اييوه لحالي لعبت شوي وطلعت امشي ذحين قاعد,ar,[],[],[],0,0,0,[],https://twitter.com/9ixhr/status/1255501095964676096,,0,,"[{'screen_name': 'sadboysloan', 'name': 'Sloan', 'id': '2670924199'}]"
2020-04-28,15:53:26,@JstOMR مشكله اني اذ لحالي لعبت بيس من ٢٠١٦ 🏃🏼الى الان,ar,[],[],[],2,0,0,[],https://twitter.com/Bajandouh251/status/1255117924525903873,,0,,"[{'screen_name': 'JstOMR', 'name': 'ابو سعد للأبد', 'id': '870770004756750336'}]"
2020-04-28,07:20:13,اليوم بنفسي العب ببجي وللاسف من 12 ادخل لحالي العب بالمستودع ولا اكلمه من الطفش لين قبل شوي ولا مرا لعبت قيم كامل طفففششششششششش,ar,[],[],[],0,0,0,[],https://twitter.com/_12IlU/status/1254988768760774662,,0,,[]
2020-04-28,05:52:22,لعبت ببجي لحالي قيم حسيت بتوحد وحزنت على نفسي ورميت اسلحتي بالبحر وفجرت نفسي ولابوهاا لعبه 💔,ar,[],[],[],0,0,0,[],https://twitter.com/i_mem2/status/1254966661381189634,,0,,[]
2020-04-28,04:00:05,@Faisal_Khalid21 لعبت ضدهم لحالي تقريبا ٦ راوندات كلها لعبوها من جد الا اخر راونديين سارو يستهبلون يبغون يذبحوني بالسكين فقدرت اجيبه عليهم الله يعطيهم العافيه 😂😂,ar,[],[],[],0,0,0,[],https://twitter.com/v_Fayz/status/1254938402354597888,,0,,"[{'screen_name': 'Faisal_Khalid21', 'name': ""'' فيصل بن خالد''"", 'id': '818401654441672704'}]"
2020-04-27,17:23:51,@58aaal @shog_2_3 ان لعبت عشوائي اعطيهم ميوت واروح لحالي اصوات🤮 وبالغالب سولو سكواد ماستحملهم ولا احب لعب البنات وسوالفهن,ar,[],[],[],1,0,0,[],https://twitter.com/KoO93_93/status/1254778289475842049,,0,,"[{'screen_name': 'shog_2_3', 'name': 'استبدال نقاط قطاف', 'id': '1254596084229459969'}]"
2020-04-27,17:09:02,@iiiimx_11 انا العب ظد دو تعبت وانا ادور تيم فنان كلهم منوبب عشان كذا لعبت لحالي  https://t.co/5ogHZSNYIn,ar,[],[],['https://pbs.twimg.com/media/EWnay6dUYAAb6r-.jpg'],0,0,0,[],https://twitter.com/EE67T/status/1254774558852186114,,1,https://pbs.twimg.com/media/EWnay6dUYAAb6r-.jpg,[]
2020-04-27,09:35:49,طفشت وانا العب لحالي ~ لا تقولون ذاكري اختبارتكك حفظتها اكثر من اسمي نظام دراستي يختلف سوو م بضغط ع نفسي + احاول اسلي نفسي لاني اعرف ضميري كويس م يرحمني و لعبت كويس هيهي 😋,ar,[],[],[],0,0,0,[],https://twitter.com/vitaminsminhyuk/status/1254660503051407363,,0,,[]
2020-04-27,09:33:58,@ii_ll190 أنا مابعد لعبت حتى الكيرم الي فضى مالأسواق😁 مو لحالي مافيه معززين.,ar,[],[],[],0,0,0,[],https://twitter.com/Awgat14/status/1254660038993551360,,0,,"[{'screen_name': 'ii_ll190', 'name': 'Angel..👩🏻\u200d⚕️💉🇸🇦', 'id': '2618407350'}]"
2020-04-27,08:45:39,ياخي فيني مشكلة اذا لعبت لحالي سيرش اجلدهم طول القيم واذا ذبحوني اطلع,ar,[],[],[],0,0,0,[],https://twitter.com/F0dKa3/status/1254647878573797376,,0,,[]
2020-04-27,02:59:12,ادا لعبت ببجي لحالي انبهر من الاحتراف اللي يطلع لكن ادا دخلت مع ناس ياساتر وشغل البوتات,ar,[],[],[],1,1,1,[],https://twitter.com/_AngelSara/status/1254560692797145088,,0,,[]
2020-04-27,02:40:01,ايقنت اني بوت يوم لعبت لحالي اركيد ومت بيو زد اي🤭💔,ar,[],[],[],0,0,0,[],https://twitter.com/ax_2019/status/1254555866579308545,,0,,[]
2020-04-27,01:04:36,@sarahhyasat هذا كيف لو احكيلك انه اعطيت لحالي هدية مره بعد ما لعبت رياضة نص كيكة وبعديها شربت شاي أخضر,ar,[],[],[],1,0,0,[],https://twitter.com/taherwafa/status/1254531851089297414,,0,,"[{'screen_name': 'sarahhyasat', 'name': 'sarah', 'id': '1225765834372657152'}]"
2020-04-26,20:34:57,لعبت طماية لحالي ونسيت وين اتخبيت,ar,[],[],[],1,0,3,[],https://twitter.com/iSadiFadi/status/1254463994615795719,,0,,[]
2020-04-25,02:53:04,@QusaiThani معرف بس الظاهر اذا لعبت مع بارتي يصيرلك معرف كيف بس كل ماخش مع اخوياي يطردني بس لحالي مايجي الا قليل,ar,[],[],[],0,0,0,[],https://twitter.com/xzsaj13/status/1253834372081426432,,0,,"[{'screen_name': 'QusaiThani', 'name': 'Qusaiwahidthani🇸🇦💚', 'id': '1199363941014687744'}]"
2020-04-24,16:42:18,طفشت من كثر ما لعبت لحالي .,ar,[],[],[],0,0,0,[],https://twitter.com/i77ll1/status/1253680669722583043,,0,,[]
2020-04-23,23:48:06,لعبت لحالي ونتفتي واحد باوم الله يقلعه,ar,[],[],[],0,0,0,[],https://twitter.com/isultan_NFC/status/1253425438824620035,https://twitter.com/isultan_NFC/status/1253420912465965056,0,,[]
2020-04-21,23:02:38,لعبت قيم سيرش لحالي اول مره واسمع الي ضدي قالب فيني سب وانا اسوي نفسي المؤدب واقول لاتسب عيب اخ بس ليتني رديت,ar,[],[],[],4,0,0,[],https://twitter.com/Nelinier/status/1252689219413303309,,0,,[]
2020-04-21,21:27:41,@JONNGZ أنا كنت أحبهم الين مرّه لعبت في بيت الأطفال الأسفنج وما كان في اللعبه ألاّ أنا لحالي وشوي دخلت بزر عمرها ٥ سنوات وقالت: مهبوله أنتي تلعبين ألعابنا وأنتي كبيره ..... وطبعًا حفظاً لكرامتي طلعت من اللعبه 😖💔💔ومن يومها ما عاد لعبت ألعاب أطفال💔,ar,[],[],[],0,0,5,[],https://twitter.com/Fodexxxxxxxxx1/status/1252665323431563265,,0,,"[{'screen_name': 'JONNGZ', 'name': 'جونقز', 'id': '1584114030'}]"
2020-04-21,11:03:11,اذا لعبت لحالي  #ببجي  https://t.co/cfsLHw06VC,ar,[],[],[],0,1,2,['ببجي'],https://twitter.com/sz_q88/status/1252508166161682434,,1,https://pbs.twimg.com/ext_tw_video_thumb/1252508114651353088/pu/img/3mUN2GLS4Jdl-b63.jpg,[]
2020-04-20,22:18:44,طحت بيودله لواحد يشكي من بزر عمرها ١٦ لعبت عليه انها كبيره وحبها وهو عمره ٢٤ الزبده قاعده احارب البيدوفيليين لحالي حرفيًا ينصحونه يكمل معها وهي قاصر وعادي لو يتزوجها مو مهم العمر,ar,[],[],[],1,0,0,[],https://twitter.com/sylvia_sel/status/1252315784929566720,,0,,[]
2020-04-20,22:05:49,طبعاً هذا حظي اذا لعبت لحالي يطلع لي سلاحين دروب😭😂💔 #ببجي  https://t.co/Lv41u1mT1O,ar,[],[],['https://pbs.twimg.com/media/EWEbinAXYA4Ajnm.jpg'],3,0,12,['ببجي'],https://twitter.com/EBTSA23/status/1252312533731549185,,1,https://pbs.twimg.com/media/EWEbinAXYA4Ajnm.jpg,[]
2020-04-20,21:57:38,لعبت ضد هاكات كثير بس مثل الهاك ذا ما قد لعبت باقي ف القيم تيمه وانا لحالي من تيمي جاء عندي وعلمني اماكنهم كلهم وخلاني اجلده وفوقها ارسل لي اضافه اهلين هاك محترم 😂😂  https://t.co/cIp9Jf9pI3,ar,[],[],['https://pbs.twimg.com/media/EWEZvJGWkAEzP_0.jpg'],3,0,2,[],https://twitter.com/eaarr7/status/1252310475121008641,,1,https://pbs.twimg.com/media/EWEZvJGWkAEzP_0.jpg,[]
2020-04-20,05:25:37,@ZIY_19 @remm__2 قبل كم شهر كذا لعبت معاه كلهم تفنشو بقيت انا لحالي قلت سلامات اموت موته غبيه فجرت نفسي وطلعت😂😂😂,ar,[],[],[],2,0,0,[],https://twitter.com/iciv7_/status/1252060825222864897,,0,,"[{'screen_name': 'ZIY_19', 'name': 'زياد', 'id': '1251965994'}]"
2020-04-20,03:18:27,@Freeez69 اذا لعبت لحالي اصير calm على قولتك,ar,[],[],[],0,0,0,[],https://twitter.com/phenomenaIlI/status/1252028823694192640,,0,,[]
2020-04-20,02:54:24,@way_ar7 @mr18_sa انا اقول لك ، دايم يوم العب معهم اجيب العيد ، اذا لعبت لحالي كذا العب,ar,[],[],[],1,0,0,[],https://twitter.com/Goku__32/status/1252022771594469383,,0,,"[{'screen_name': 'way_ar7', 'name': 'War🍂', 'id': '721171307'}, {'screen_name': 'mr18_sa', 'name': 'ثمنطعش🏴\u200d☠️||34🏆', 'id': '1245137874003079169'}]"
2020-04-20,00:29:15,لعبت لحالي وجبت القيم اهخ احس بانتصار  https://t.co/7KTaq68Glq,ar,[],[],['https://pbs.twimg.com/media/EV_y2EoXsAA3e-h.jpg'],1,0,0,[],https://twitter.com/ilx_s8/status/1251986239995236354,,1,https://pbs.twimg.com/media/EV_y2EoXsAA3e-h.jpg,[]
2020-04-19,03:53:43,ليش اذا لعبت لحالي اكون كفو؟  https://t.co/wHBiutXhLu,ar,[],[],"['https://pbs.twimg.com/media/EV7YDDoWsAYAzFe.jpg', 'https://pbs.twimg.com/media/EV7YDDpWoAECHT9.jpg', 'https://pbs.twimg.com/media/EV7YDDqXkAAWnyr.jpg', 'https://pbs.twimg.com/media/EV7YDE5X0AEKLXK.jpg']",1,0,0,[],https://twitter.com/Hanad2i/status/1251675310711595011,,1,https://pbs.twimg.com/media/EV7YDDoWsAYAzFe.jpg,[]
2020-04-18,15:42:27,@_GOT10 مافي شيء اسويه غير اني اتابع ماحب العب سوني لحالي لازم اخوياي شابكين معي ولا لعبت,ar,[],[],[],1,0,0,[],https://twitter.com/Leo__Fa/status/1251491279000780805,,0,,"[{'screen_name': '_Got10', 'name': 'Nawaf', 'id': '753793632218521600'}]"
2020-04-18,13:02:27,اذا لعبت لحالي ٤ ساعات قراند,ar,[],[],[],1,0,0,[],https://twitter.com/Snivetta/status/1251451016752574466,https://twitter.com/Eyaaaad/status/1251448202773123073,0,,[]
2020-04-17,21:26:46,@GAMESzm طيب انا لعبت لحالي معناة ما ابي احد وش استفيد يجي جنبي يصارخ 🙂😂,ar,[],[],[],0,0,0,[],https://twitter.com/h_e_R_o_9/status/1251215541118947331,,0,,"[{'screen_name': 'GAMESzm', 'name': 'قيمزمّ', 'id': '2787723758'}]"
2020-04-17,08:36:03,@Amjadqq44 قصدك اذا لعبت ماتتكلم ، اذا معي احد مستحيل ادندن كذا  بس لما اكون لحالي والعب سبورت هذا الوضع 😂,ar,[],[],[],1,0,0,[],https://twitter.com/iEunlly/status/1251021586632712192,,0,,"[{'screen_name': 'Amjadqq44', 'name': 'أمجد', 'id': '995019568618852352'}]"
2020-04-16,17:26:16,انا واهلي فالحجر: قعدت اسهر هاوشوني قعدت لحالي هاوشوني قعدت العب ساعات كثير من الطفش هاوشوني قعدت عالجوال هاوشوني ويوم رحت اشتغل ماشافوني ورجعت لعبت كلهم رجعوا يراقبوني ومدري ليش هالإنتباذ مع اني ما أذّيت احد يعني!!!,ar,[],[],[],1,0,0,[],https://twitter.com/Jnansh2/status/1250792632596467712,,0,,[]
2020-04-16,15:49:22,انا اذا لعبت راين و سويت تشارج لحالي :,ar,[],[],[],2,1,1,[],https://twitter.com/xkakii/status/1250768244581052418,https://twitter.com/sh1ad9/status/1250762269924999168,0,,[]
2020-04-16,13:02:06,@xBrhm1 متخيل يبرهيم انا من ساعة الور زون وما لعبت ولا قيم اونلاين علشان مشكلة تقريبا عندي انا لحالي ع كل الكوكب  لما يكون القيم فيه اكثر من 20 لاعب ما برضي يدخلني  ولما يكون اقل بدخل عادي وبلعب ولا لاج ولا اي شئ وفش باكت لوس الا خفيف مشكلة غريبة وراسلت اللعبة وما ردو علي لحتي الان !,ar,[],[],[],1,0,0,[],https://twitter.com/AhmedNairob/status/1250726152228012033,,0,,"[{'screen_name': 'xBrhm1', 'name': 'BRHM', 'id': '2358177340'}]"
2020-04-15,13:05:07,@mr18_sa شوف لعبت قيم لحالي واحد يلعب بحساب خويه يقولي تعال برفع رانكك لعبك كويس مره  https://t.co/VaGaISeBr6,ar,[],[],['https://pbs.twimg.com/media/EVov5sFXYAAkL9V.jpg'],1,0,0,[],https://twitter.com/Goku__32/status/1250364524135407622,,1,https://pbs.twimg.com/media/EVov5sFXYAAkL9V.jpg,"[{'screen_name': 'mr18_sa', 'name': 'ثمنطعش🏴\u200d☠️||34🏆', 'id': '1245137874003079169'}]"
2020-04-15,03:25:28,@sh_mlats @Laaaaaith فتت لعبت لحالي  https://t.co/Wdb44ff7jn,ar,[],[],['https://pbs.twimg.com/media/EVmrNtmWsAUj6T9.jpg'],1,0,1,[],https://twitter.com/SamaAhm52612774/status/1250218648226222092,,1,https://pbs.twimg.com/media/EVmrNtmWsAUj6T9.jpg,"[{'screen_name': 'sh_mlats', 'name': 'Qasem Mlats Shdifat', 'id': '832683300497956865'}, {'screen_name': 'Laaaaaith', 'name': 'Laithالقرعان', 'id': '846129938432438273'}]"
2020-04-14,21:40:19,@powergirll12 لعبت و انطردت من جماعة الشنشيز انا لحالي خلاص,ar,[],[],[],1,0,0,[],https://twitter.com/silverhun_/status/1250131790146211846,,0,,"[{'screen_name': 'powergirll12', 'name': '༒', 'id': '1044855595378069504'}]"
2020-04-14,11:30:11,@_FaisalNaif لعبت معظمها لحالي، بس أتوقع تلقى للحين ناس.,ar,[],[],[],0,0,0,[],https://twitter.com/issamsaad/status/1249978244637564928,,0,,"[{'screen_name': '_FaisalNaif', 'name': 'FaisalNaif', 'id': '801168295'}]"
2020-04-13,22:53:27,لعبت لحالي في بببجي الله وكيلكم طحت لي في سكواد عراقي هستررر فيني اخر مره العب لحالي هههههههههههههههههههههههههههههههههههههههههههههههههه,ar,[],[],[],0,0,0,[],https://twitter.com/8denzi/status/1249787805104029699,,0,,[]
2020-04-12,21:37:28,وربي بموت قهر باقي لي ٢٠ واخش كراون ١ رحت زي الكلب المدعوس ولعبت عشوائي ونقصت ٤٠ وماتبت لعبت قيم ثاني وطلعوا كل التيم وكملت لحالي ومت ونقصت كثير وقاعده اموت قهر الحين,ar,[],[],[],1,0,0,[],https://twitter.com/2A_2s/status/1249406298044665856,,0,,[]
2020-04-12,03:29:27,اتفلوا بعيني ان لعبت اوفر لحالي .,ar,[],[],[],1,0,0,[],https://twitter.com/ovn90/status/1249132486300504065,,0,,[]
2020-04-11,13:10:29,اذا لعبت مع احد ببجي ، اصير غشيييمه بس خل العب لحالي *وجيههم نحس*😂😶💔.,ar,[],[],[],0,0,0,[],https://twitter.com/iiiicp/status/1248916323045949440,,0,,[]
2020-04-11,00:48:11,@ibraleg اذا لعبت انا وابوي ضد عمي واخوي افوز بس اذا لعبت انا واخوي ضد ابوي اخسر واذا لعبت انا لحالي ضد اخوي الصغير افوز يعني مو طايحه الا عليه 😂وانا وعمي ضد احواني بدون ابوي نفوز وانا واخوي ضد عمي برضو افوز,ar,[],[],[],0,0,0,[],https://twitter.com/avai96/status/1248729517419638789,,0,,[]
2020-04-10,12:58:01,الاول والثالث  اذا لعبت لحالي في الغرفة تزود الحالة بعد 😂😂😂😂😂😂😂😂,ar,[],[],[],0,0,0,[],https://twitter.com/moath_alqhtani/status/1248550796226158592,https://twitter.com/stoprxwda/status/1247906027359686656,0,,[]
2020-04-09,15:05:08,@nawafley كأنها انا اذا لعبت لحالي انخرشش,ar,[],[],[],0,0,0,[],https://twitter.com/7r_lol/status/1248220400129114113,,0,,"[{'screen_name': 'nawafley', 'name': 'وافل', 'id': '538810665'}]"
2020-04-07,12:34:48,وجبت 3 لعبت معاي بشخصيه الثاني وكملنا اللعبه لين ختمناها   كان ممكن اسحب عليهم والعب لحالي لكن كان ممتع تلعب مع احد   لكن احسن تجربه كانت مع اول شخص لعبت معه لانه فان للسلسله  الباقي واحد لعب ال2 اشوي وواحد ماقط لعبها وذا جاب نتيجه ان مايهتم بالقصه او مافي تفاعل بالقصه,ar,[],[],[],1,0,0,[],https://twitter.com/hisagi_1/status/1247457789200470022,,0,,[]
2020-04-07,08:51:57,@2lhfc_ هذا اذا لعبت لحالي مع اخوياي ماسويها,ar,[],[],[],1,0,0,[],https://twitter.com/Bda7r/status/1247401709145673728,,0,,"[{'screen_name': '2lhfc_', 'name': 'ريمـا', 'id': '926703130997293057'}]"
2020-04-04,20:43:26,@iModriic ايه داري لعبت مع صاحبي تختيم رهيبه ، بس قاعد اجربها لحالي الحين,ar,[],[],[],1,0,0,[],https://twitter.com/MohamedSalehR/status/1246493594292273152,,0,,"[{'screen_name': 'iModriic', 'name': 'عبدالرحمن 1007#', 'id': '1403636611'}]"
2020-04-03,20:51:29,@HistoryMadrid13 ابوي ياسس بطولة واشارك فيها أنا لحالي حتي مره لعبت ضد نفسي بالنهائي وفزت أنا كيف ماادري أسأل المدريدي,ar,[],[],[],0,0,0,[],https://twitter.com/ALKHALDI2009/status/1246133234565513216,,0,,"[{'screen_name': 'HistoryMadrid13', 'name': 'تاريخ ريال مدريد', 'id': '1245358390114750469'}]"
2020-04-03,05:06:56,وبكذا احب اعترف اني اذا لعبت لحالي تكون كذا فعالياتي 🎧🎶  https://t.co/hDAJPp2xfC,ar,[],[],[],11,0,7,[],https://twitter.com/ameraFS/status/1245895531475460096,,1,https://pbs.twimg.com/ext_tw_video_thumb/1245895464257495040/pu/img/iGskmb07tVKoWQyH.jpg,[]
2020-04-02,05:47:10,@_3B7S لعبت فيه جلد سكوادين ورا بعض وكنت لحالي، جاني سكواد وكلهم موزمبيق ي رجال,ar,[],[],[],1,0,0,[],https://twitter.com/of__rivia/status/1245543268642893824,,0,,"[{'screen_name': '_3B7S', 'name': 'ٓ', 'id': '2927058846'}]"
2020-04-01,04:07:44,@liivm2 @__svva @dilep_ لعبت لحالي اليوم):,ar,[],[],[],1,0,0,[],https://twitter.com/Ciixzz/status/1245155857194790915,,0,,"[{'screen_name': 'liivm2', 'name': 'Maram', 'id': '1613826295'}]"
2020-04-01,04:07:24,@__svva @dilep_ لعبت لحالي اليوم مررره نفسسسسيه,ar,[],[],[],1,0,0,[],https://twitter.com/Ciixzz/status/1245155770423029761,,0,,[]
2020-03-31,20:58:03,@faris87872 ياخي ما شاء الله عليك وربي اسلحتك و البلد عندك قوي ياخي انا رغم اني اسوي لكن والله عجزت في اللعبه ذي انا لحد الحين ما لعبت معا الزفت اللي يشبه الغرلا ياخي وخرت اللعبه شوي وربي انت ما شاء الله عليك مكمل انا طفشت لحالي العب ولا في عرب كثير عندي اجنبي و بالموت ياخي اهنيك على مستواك,ar,[],[],[],0,0,0,[],https://twitter.com/Brok90B/status/1245047720970158087,,0,,[]
2020-03-31,15:53:34,ياخي ببجي وش مشكلتها معي ؟ اذا لعبت لحالي اصير ريكو واذا لعبت مع تيمي البوت يدمج اكثر مني,ar,[],[],[],0,0,0,[],https://twitter.com/r_intj/status/1244971097403031557,,0,,[]
2020-03-31,05:34:01,الكلب ذا @ThisTurki من المغرب نلعب سوا ولا جبنا اي قيم ويوم لعبت لحالي اول قيم بعد ما نام ؟👇🏻👇🏻👇🏻👇🏻  https://t.co/2i29QTL1UR,ar,"[{'screen_name': 'thisturki', 'name': 'ً', 'id': '1144120727383236608'}]",[],[],1,0,0,[],https://twitter.com/thisdhmi/status/1244815183073153025,,1,https://pbs.twimg.com/ext_tw_video_thumb/1244813970986467334/pu/img/-6WNGo64e3MGkXG-.jpg,[]
2020-03-30,20:50:31,@iiTinyFox كانك تحكي واقعي الان محتار اشتري Ghost recon breakpoint او لا خصوصا ان عليها تخفيض بس كلام الناس ماشجعني مع العلم اني لعبت الجزء الاول لحالي واستمتعت جدااا,ar,[],[],[],0,0,0,[],https://twitter.com/SulimanDx/status/1244683438034206721,,0,,"[{'screen_name': 'iiTinyFox', 'name': 'Tiny', 'id': '2500654141'}]"
2020-03-29,08:50:49,وانا مستنيه اصحابي ينزلوا دخلت لعبت قيم اونلاين، فجاه قرروا يفتحوا المايك ويطلعوا تلاته رجال سعوديين ((وانا جالسه لحالي من غير محرم)) عملت لفت في نص القيم😔,ar,[],[],[],4,1,9,[],https://twitter.com/bashair_abdalla/status/1244139930781192198,https://twitter.com/3bdulsttar/status/1243883329226670080,0,,[]
2020-03-28,19:57:19,@TIXIA0 الحمد لله مو انا لحالي لعبت في نفسيتي حسبي الله عليها🙂,ar,[],[],[],0,0,0,[],https://twitter.com/n0vll/status/1243945274902564864,,0,,"[{'screen_name': 'tixia0', 'name': 'لـولـو😿💞.', 'id': '1363903297166454785'}]"
2020-03-28,18:06:27,لعبت لحالي وقالوا تحالف لان معاي بكيسي ويوم جاء النهايه البنت خلتني اذبحها بي هو قالي بذبحك يابنيه وفنشته مصدق بعطيه القيم😂😭😭😭 #ببجي  https://t.co/FpQbOzyFRd,ar,[],[],"['https://pbs.twimg.com/media/EUNIPSmWoAEbbIY.jpg', 'https://pbs.twimg.com/media/EUNIPVtXsAQZ8UM.jpg', 'https://pbs.twimg.com/media/EUNIPpYWAAMc-5L.jpg']",1,0,0,['ببجي'],https://twitter.com/shi10ii/status/1243917374908182529,,1,https://pbs.twimg.com/media/EUNIPSmWoAEbbIY.jpg,[]
2020-03-28,17:19:59,#ببجي من طقوسي اذا لعبت لحالي 😴📯  https://t.co/8AA7K0XMDw,ar,[],[],"['https://pbs.twimg.com/media/EUM9mmDWAAA93P4.jpg', 'https://pbs.twimg.com/media/EUM9mmIX0AEF648.jpg']",2,0,0,['ببجي'],https://twitter.com/nod__98/status/1243905682300166148,,1,https://pbs.twimg.com/media/EUM9mmDWAAA93P4.jpg,[]
2020-03-27,05:02:30,@G4mer_IllG مادريت عنك  ايه ايه انا اكرهك  اخ انكشفت ☻ فاتك خساير ولا احلى  فزت مره يوم لعبت لحالي 😂😂,ar,[],[],[],0,0,0,[],https://twitter.com/Sherlock221sh/status/1243357698801815558,,0,,[]
2020-03-26,17:53:25,اخوي مهددني اني اذا لعبت رزدنت إيڤل يا ويلي منه،  ما درا اني ما اقدر العبه لحالي 🌞💔,ar,[],[],[],0,0,0,[],https://twitter.com/11ff01/status/1243189318291685377,,0,,[]
2020-03-25,23:26:54,@DuraidiKhaled لعبت لحالي ابو 5 ساعات,ar,[],[],[],0,0,1,[],https://twitter.com/shadeebo0710/status/1242910854061973505,,0,,"[{'screen_name': 'DuraidiKhaled', 'name': 'Khaled Duraidi', 'id': '1087067808960335877'}]"
2020-03-24,06:07:15,@Graceilia كل اللي لعبت معهم امس واللي قابلتهم واللي جلست معهم قعدت اغنيها قدامهم لين علقت بمخمهم فمعليش ماتعلق بمخي لحالي😭😭😭😂😂,ar,[],[],[],1,0,0,[],https://twitter.com/its1my/status/1242286830873186312,,0,,"[{'screen_name': 'Graceilia', 'name': 'ꏂ꒒꒒ꋬ ☮', 'id': '358862633'}]"
2020-03-24,02:55:36,ما أدري ليه أخاف اذا لعبت ببجي لحالي والمشكله اذا سمعت الخطوات اللي وراي أطلع من القيم!🙂.,ar,[],[],[],0,0,1,[],https://twitter.com/4viiil/status/1242238597652262912,,0,,[]
2020-03-21,16:41:30,@i99a_ هذا النوب رجعني بلات بعدين لعبت لحالي و وصلت دايموند ٢ 🤪🤪,ar,[],[],[],1,0,0,[],https://twitter.com/YAlgarnii/status/1241359280172945410,,0,,"[{'screen_name': 'i99a_', 'name': 'A', 'id': '2429744733'}]"
2020-03-21,04:54:51,الوضع اذا لعبت لحالي ههههههههههههههههههههههههههههههههههههههه  https://t.co/l0bsxjJLVV,ar,[],[],[],1,0,1,[],https://twitter.com/Taif_saud20/status/1241181444959096832,,1,https://pbs.twimg.com/ext_tw_video_thumb/1241181418144911360/pu/img/TnesKbnbT67VuIZf.jpg,[]
2020-03-20,17:01:48,لعبت مع بوتات لحالي😅  https://t.co/TKMh3QoqQP,ar,[],[],['https://pbs.twimg.com/media/ETjsuytXkAEesQn.jpg'],0,0,2,[],https://twitter.com/N__N232/status/1241002002454282240,,1,https://pbs.twimg.com/media/ETjsuytXkAEesQn.jpg,[]
2020-03-20,09:59:42,اصلا فاتكم لعبت لحالي وفزت بالقيم والي معي طالعين من بدايته وتحول القيم سولو  https://t.co/sK7u2l4DXs,ar,[],[],['https://pbs.twimg.com/media/ETiMIEhWkAEpBat.jpg'],1,0,1,[],https://twitter.com/C2ptin/status/1240895775468589057,,1,https://pbs.twimg.com/media/ETiMIEhWkAEpBat.jpg,[]
2020-03-20,06:34:12,رحت لعبت لحالي و طفشت و خليت العدو يقتلني,ar,[],[],[],0,0,0,[],https://twitter.com/Deilo1170/status/1240844061080248322,,0,,[]
2020-03-19,02:05:44,@57_xil جحدوني ، لعبت اربع مرات لحالي احس بالغربة 😭,ar,[],[],[],1,0,0,[],https://twitter.com/M_hilal14/status/1240414112208781313,,0,,"[{'screen_name': '57_xil', 'name': 'امل', 'id': '708784153299427332'}]"
2020-03-19,01:52:08,لعبت قيم #ببجي عشوائي شرق اوسط ، المهم طلع قيم بوتات وقلت تعالوا نفجر بأنفسنا ونطلع نلعب من جديد فجرت فيهم وصرت ما اقدر ألعب الا لحالي .. الى متى ؟ الله ياخذ العدو 😂,ar,[],[],[],2,0,0,['ببجي'],https://twitter.com/M_hilal14/status/1240410688218107905,,0,,[]
2020-03-16,22:27:38,@marc6i33h اليوم لعبت الباتل رويال اول قيم ملقلق وقتلت ١٠ لحالي😂😂😂💔,ar,[],[],[],0,0,1,[],https://twitter.com/j1iil_/status/1239634447236042756,,0,,[]
2020-03-14,22:38:47,@tasneememo لعبت لحالي ولا اشي بهزني,ar,[],[],[],1,0,0,[],https://twitter.com/Enasf98/status/1238912480153305090,,0,,"[{'screen_name': 'tasneememo', 'name': '\u200f﮼تاس', 'id': '369703731'}]"
2020-03-14,09:02:01,@Q8warrior2 @yahya_q_mohzari توك منزل صورة تقول فيها لاتلعب بدون اخوياء😂 انا طول وقتي العب لحالي بس اذا احد ارسل لي انڤايت خشيت معه ف رفعة ضغط اذا لعبت لحالي,ar,[],[],[],1,0,1,[],https://twitter.com/3zbinkhalid1/status/1238706933965762560,,0,,"[{'screen_name': 'Q8warrior2', 'name': 'Q8warrior', 'id': '994895120838295552'}, {'screen_name': 'yahya_q_mohzari', 'name': 'yahya', 'id': '916605408235737088'}]"
2020-03-12,17:31:45,@af1zx لعبت قيمين البارح لحالي,ar,[],[],[],1,0,0,[],https://twitter.com/iEnzo0o/status/1238110434038865920,,0,,"[{'screen_name': 'af1zx', 'name': 'أحمد', 'id': '873362961439567876'}]"
2020-03-10,23:28:45,@H4BooSh @Jawadoh_23 المرضوع مو عصبيه ، لكن جد معرقين السولز مريضين ، تخلص اللعبه يقولون اكيد ما لعبتها لحالك اقولهم طيب انا خلصت اللعبه لحالي يقولون انت تخلي اخوياك يعلمونك الطريق طيب انا عرفت الطريق لحالي يقولون لا انت ما لعبت اللعبه على وقتها ، ما فيهم طب ذول 🙃، وانتي كل يوم تتحولين لهم على فكره,ar,[],[],[],1,0,0,[],https://twitter.com/SulSensei/status/1237475501725360128,,0,,"[{'screen_name': 'H4BooSh', 'name': 'ʜᴇʙᴀ 🎀', 'id': '444627126'}, {'screen_name': 'Jawadoh_23', 'name': 'Fimbulwinter', 'id': '3184914481'}]"
2020-03-10,18:50:21,@Njr_0i والله اذا لعبت لحالي افت 😭😭,ar,[],[],[],1,0,0,[],https://twitter.com/wa_i10/status/1237405439853301761,,0,,"[{'screen_name': 'Njr_0i', 'name': 'خالد', 'id': '809179968190218241'}]"
2020-03-09,15:59:03,اذا لعبت مع اخوياي يدخلني مع سعاوده واذا لعبت لحالي يدخلني مع اجانب وش الحل؟؟؟ #ModernWarfare,ar,[],[],[],3,0,0,['modernwarfare'],https://twitter.com/iM2mD/status/1236999942545309696,,0,,[]
