tweet,language,mentions,urls,photos,replies_count,retweets_count,likes_count,hashtags,quote_url,video
محدش من اصحابي رضى يلعب معايا بلايستيشن بعد الدرس و رحت لعبت لوحدي  ، بتاع البلايستيشن ف الاول مكنش راضي يفتحلي الجهاز قعدت اقوله ماتشين بس و هقوم 😂😂😂,ar,[],[],[],0,0,3,[],https://twitter.com/Dr_MA94/status/1274062388279627778,0
دايما بكسب وانا بلعب لوحدي ، انما لو لعبت مع تيم عارفاه بتقتل وانا ف الباراشوت😂❤️  https://t.co/9wsfzkOI9a,ar,[],[],['https://pbs.twimg.com/media/EazHvogWsAUH3he.jpg'],3,0,25,[],,1
@faafaaalhasan ههههههههههه شفت تغريدتك فرحت لأن توقعت لوحدي لأن أمس لعبت في اعدادات الخصوصية وسجلت خروج من جميع الجلسات,ar,[],[],[],1,0,0,[],,0
هذا وضعي اذا لعبت لوحدي لحد ماربي يفرجها ويقتلون بعضهم  https://t.co/VL50PMiJ5x,ar,[],[],['https://pbs.twimg.com/media/Eap0pDiXQAEa2ul.jpg'],22,0,0,[],,1
قاعده لوحدي ف البيت زهقانه وماما وبابا سابوني اقعد ساكته لا. ازااي قومت لعبت ف المطبخ ودي كانت النتيجه🙂🙂😂😂🙈🙈💃💃💃  https://t.co/udGfqooZoY,ar,[],[],"['https://pbs.twimg.com/media/Eapy5l6XsAM_CTt.jpg', 'https://pbs.twimg.com/media/Eapy5m9XkAEEvZh.jpg', 'https://pbs.twimg.com/media/Eapy5n4XsAAsEKU.jpg']",25,20,51,[],,1
@Mohamed__Gamal9 الواحد لعبت ماتش كأني كنت في ملعب صابون بزحلق لوحدي سبحان الله 😂😂😂,ar,[],[],[],1,1,2,[],,0
لعبت مع سكواد بورسعيدي و عرفت لوحدي انهم من بورسعيد 😂,ar,[],[],[],1,0,1,[],,0
اذا لعبت لوحدي.  https://t.co/GClHr02zpK,ar,[],[],['https://pbs.twimg.com/media/Eadcl1bXgAI_C5s.jpg'],0,0,0,[],,1
@7iiii0_ وربي كل ما ألعب معاك أخسر !! واذا لعبت لوحدي فزت 😃,ar,[],[],[],2,0,0,[],,0
طب ع الله حكايتنا كدا نا لعبت كام جيم بابجي جيم طالع 18kill و جيم 14kill  و جيم 2 مش عارف اي الرقم دا بس اشطا يعني حبيت اشاركو بما اني بلعب لوحدي ع معنديش صحاب و بتاع ❤️,ar,[],[],[],0,0,3,[],,0
@Maryoma04183575 انا كل م العب مع فريق أعرفه اخري خالص اموت 3  لعبت لوحدي موتت 7 وكنت التانيه ومعرفش حصلت ازاي 😂😂,ar,[],[],[],0,0,0,[],,0
@mahamedebrahiim يالهوي مره لعبت جيم وًانا اصلا مش بعرف انزل من الطياره لوحدي كله نزل ومات و انا لسه متعلقه ف الجو😂😂😂😂😂😂,ar,[],[],[],1,0,0,[],,0
@Mohannad1Nassar لعبت جيم رايق من شوية لوحدي بس قشطة لو كنت لسة صاحي هكلمك.,ar,[],[],[],1,0,0,[],,0
مش لو كنت بعرف العب بابجي كنت رحت لعبت معاهم دلوقتي بدل مانا قاعده لوحدي كده هطق🙂,ar,[],[],[],1,0,0,[],,0
صراحه بالنسبه لي هذا انجاز لاني لعبت لوحدي و اول مره اعملها فا قلت اسجلها للتاريخ 😂  https://t.co/8L4RVsJz2F,ar,[],[],['https://pbs.twimg.com/media/EaPhNIyWAAAQ73h.jpg'],1,0,1,[],,1
لو لعبت لوحدي اكتر من كده هتجنن اقسم بالله,ar,[],[],[],1,0,1,[],,0
لما بشوف الاطفال بيلعبوا بالطيارات الورق بتمني ارجع صغيره تاني وانزل العب معاهم ♥️ وافتكر ان لما كنت صغيره عمري ما نزلت لعبت مع حد ف الشارع او نزلت الشارع لوحدي اساسا 💔💔😂,ar,[],[],[],0,0,2,[],,0
@elbarbary_safa 😂😂😂🙋‍♂️💔لعبت لوحدي,ar,[],[],[],1,0,0,[],,0
@AhmedMekkawi22 يعم انا لعبت لوحدي وكسبت 😂😂😂😂,ar,[],[],[],1,0,0,[],,0
@Mahmoud_genedy اه و كله نايم و مليت لما لعبت لوحدي 💅,ar,[],[],[],0,0,0,[],,0
رابطة الناس اللي ولا اتعلمت الطبخ ولا اخدت كورسات ولا عملت رياضة وجسمها باظ ولا لعبت ببجي ولا ظبطت نومها ومكتئبين وسناجل وبائسين  غالبا الرابطة دي هبقى لوحدي فيها 😂😂😂😂😂💔⁦🤦🏻‍♂️⁩⁦🤦🏻‍♂️⁩⁦🤦🏻‍♂️⁩,ar,[],[],[],2,0,11,[],,0
عمري ما صحيت بدري للمدرسه غير مره  علشان كنت هلعب وكانو مختاريني العب ف فريق المدرسه وكنت ف اولي اعدادي انا وواحد صاحبي وباقي الفريق في تالته ضد بريم فضلت صاحي طول الليل وروحت لعبت واتعادلنا وانا اللي جبت الجول  وصاحبي اللي عملهولي واي لعب كورة الصبح بصحاله لوحدي قبل المنبه ممكن,ar,[],[],[],2,0,3,[],https://twitter.com/Moazwaheed5/status/1269033451681918976,0
@Ahmed23579432 مش كل البنات 🤔  انا وحده من البنات وبلعب لوحدي ولو مره لعبت تيم مش بفتح المايك وبكسب ديما الحرب من غير م حد يهون عليا مراره الحرب ولا انا اهون علي حد مراره الحرب اللي مش فاهمه هي ازاي حرب بس المهم اني  بكسبها😌😎,ar,[],[],[],2,0,3,[],,0
@AElhosan لاعيب ايه ده مموت ٣ بس😏،انا لعبت لوحدي اول مرة كنت بهبل وموتت ٣🤓,ar,[],[],[],1,0,1,[],,0
@M7mdEhab8 يعم انا لعبت واتبضنت لوحدى خلاص 😂,ar,[],[],[],1,0,1,[],,0
@ahmedwahid741 لعبت لوحدى خلاص يسطا 😥,ar,[],[],[],1,0,0,[],,0
ولاا لوحدي والله.😂.. حتي لعبت بابجي روم قولت ممكن اكسب برضو بخسر 😁😂🤣,ar,[],[],[],0,0,3,[],https://twitter.com/nehalashraf98/status/1265493424217743361,0
@momosad28130379 إنت بتردهالي يعني عشان لعبت لوحدي,ar,[],[],[],1,0,3,[],,0
@MirnaElsolia انا بتلبخ لو لعبت مع قريبي لما بنزل لوحدي بكسب وغير كده لهجتهم بتشوش عليا ويفضلو يضحكو عليا لو قلت يالهوووي محدش يسبني😂🚶🏻‍♀️,ar,[],[],[],1,0,1,[],,0
حبيتك وتمنيت ابقى معك دايم لكن انت دايم تبعدني عنك حاولت ابعد وانسى طلعت عايشه على ذكرياتك لين جاء اليوم وسألت نفسي، ليه احبك واحب ذكرياتك وايامي معك؟ليه انا لوحدي متعذبه وانت مهتني؟ ليه اغلاطي ماتنغفر واغلاطك تنغفر؟ ليه احبك لهدرجه؟ ليه لعبت بقلبي عشان ايش؟,ar,[],[],[],1,0,0,[],,0
وصلت 150LV في كود و الحين اذا لعبت لوحدي العب مع جن مو اوادم لعنه 💔,ar,[],[],[],1,0,2,[],,0
@AnonymousZiZ @4Majeed @azizhud ما قدر جربتها فقط سمعت فيها، أنا لعبت لوحدي، لكن لو يحصل لي الفرصة ألعبها مع 4 كو اب ما أفوتها,ar,[],[],[],0,0,0,[],,0
دانا بلعب بابجي بعت لواحد صاحبي يلعب معايا المفروض انه قريب مني قلي ابعتلي شعبية وقام طردني من التيم لعب مع ناس تانية وانا لعبت لوحدي😢,ar,[],[],[],1,0,5,[],https://twitter.com/al_wtn20/status/1263257162513555456,0
@Ibrahim_AboEisa @mustafakutb2 ولا انا لعبت امبارح مع القطب وانت الي ملعبتش عملت جيم جامد قتلت تيمين لوحدي,ar,[],[],[],1,0,0,[],,0
#ببجي   لعبت ونازل لوحدي مافي تيم ايش السالفة تحديث ولا ايش,ar,[],[],[],0,0,0,['ببجي'],,0
حصل موقف النهارده ف بابج فكرني بموقف حصلي نفسه بالظبط ... حد بعتلي طلب انضمام لفريق قبلت الدعوي لقيته ولد وبنت دخلت الجيم وكنت طول الوقت بلعب لوحدي والولد مصمم يرخم وهي تقوله انت تعرفهاا يقولها لاء بس بيرخمم كانه يعرفني وحقيقي انا معرفوش ولا عمري لعبت معاه ولا اصلا صديق عندي ....,ar,[],[],[],1,0,4,[],,0
@axabouelhamd صحيح لعبت الصبح لوحدي و كان معايا نص مليون و كنت طالع رانك  في اخر دقيقة تيم ظهرلي معرفش ازاي و موتوني و خلصت الجيم علي ٢٢٠ الف :/,ar,[],[],[],0,0,0,[],,0
لعبت لوحدي اخدت الجيم والله انتوا فقر يا شباب 😂  https://t.co/GY1nrHtUVK,ar,[],[],['https://pbs.twimg.com/media/EYKD_8ZXkAIX75o.jpg'],2,0,1,[],,1
@A7med3talla1 يعم والله انت جدع ورجوله😂😂😂بس والله لعبت جيم لوحدي امبارح وطلعت التانيه شوفت بقي😂😂😂😂,ar,[],[],[],1,0,0,[],,0
@5xzcl لا لعبت لوحدي😔,ar,[],[],[],0,0,0,[],,0
@FranoBex تعرف لا لعبت لوحدي لازم اتفلسف,ar,[],[],[],1,0,0,[],,0
خطتي الحين  ابلعب مع اصحابي اللي من زمان ما لعبت معهم والناس اللي ودهم يلعبون معي، كذا اسبوع بضبط مخلصه الكل ، وباخذ طريق لوحدي احرق دبس ممكن من بعد هلقطعه اجلد بغير التانك والهيل,ar,[],[],[],0,0,0,[],,0
اذا لعبت لوحدي اجلدهم واذا لعبت مع احد اموت بسرعه😭😭؟!!  https://t.co/r0cFsV8eZW,ar,[],[],['https://pbs.twimg.com/media/EX1ZEZnXsAMSmNk.jpg'],0,0,0,[],,1
"""كنت محظوظاً لوجود زملائي الآخرين بجانبي. لو لعبت لوحدي فقط ضد رونالدو لقتلني "".  اشلي كول (على التنافس مع كريستيانو رونالدو في الدوري الممتاز)  https://t.co/ia4929A7MB",ar,[],[],['https://pbs.twimg.com/media/EXxCBG7WsAARwqQ.jpg'],0,0,3,[],,1
@iuy_177 عندي ٣ خوات وكلهم وراء بعض وقريبن من بعض عكسي انا الكبيره المنبوذه كنت اصيح وانا صغيره ابي خوات ولما جاء عندي خوات قد كبرت وصرت استنكر وجودهم واني ما لعبت معهم ولا كبرت معهم عشان كذا هم كلهم دايم ضدي وانا لوحدي حتى اوقات التصفيق,ar,[],[],[],1,0,0,[],,0
@Hossam_hassan75 @_RaShWaN_ انت فرده وابو القاسم كلها لو لعبت مالتي ونا لوحدي هحط عليكوا برضه 😂😂😂,ar,[],[],[],0,0,0,[],,0
@Hossam_Negm16 انا لعبت outlast كنت بمشي ف الشقه اترعب واققع لوحدي اسبوع 😂😂😂😂💔,ar,[],[],[],1,0,1,[],,0
لاول مرة من لعبت بوبجي لهسه افوز لوحدي بمركز الاول  الفرحة غير ياناس  💃🏼💃🏼💃🏼💃🏼💃🏼🥁🥁🥁  https://t.co/BJdbeoxgfQ,ar,[],[],"['https://pbs.twimg.com/media/EXncQpEXsAEh3ve.jpg', 'https://pbs.twimg.com/media/EXncQaEWAAMwAfS.jpg', 'https://pbs.twimg.com/media/EXncQaKXQAg02yc.jpg', 'https://pbs.twimg.com/media/EXncQb1XkAEsUpH.jpg']",1,0,6,[],,1
المشكله تعودت اجلس لوحدي وجلست في الغربه سنوات ساكنه لوحدي لكن ازمة الكورونا لعبت فيني 😒,ar,[],[],[],0,0,0,[],,0
@AmiraMohey6 يسطا ده علشان لعبت لوحدي عارفه لو كان جيم كلاش اسكواد معاكي مكنتش هلمس واحد حتي😂😂😂,ar,[],[],[],1,0,0,[],,0
لعبت جيم بابچي لوحدي قتلت ٦ اقسم يالله مش مصدقه,ar,[],[],[],2,0,8,[],,0
طول منا بلعبها مع ال fav person  مش بزهق لو لعبت لوحدي جيم ممكن ازهق وامسحها,ar,[],[],[],1,1,10,[],https://twitter.com/habiiibaemad/status/1257420898279268352,0
@7imin1 لعبت قيمين الحين لوحدي واحد الكلز ١٨ والثاني ١٣,ar,[],[],[],1,0,0,[],,0
@3zooz_7egazy لعبت قصاد تيم بنات بردو قبل كده وكنت لوحدي ويخربيت الضحك يعني ارزع اتنين منهم نوك واسيبهم يصحو بعض وبعدين اعملهم نوك بردو ويصحي بعض قعدت عشر دقايق بعمل الحركه دي كنت ميت من الضحك😂⁦😂😂⁦🤦🏻‍♂️⁩,ar,[],[],[],2,0,4,[],,0
من زمان اوي ما لعبت ببجي بس بالنسبة لشخص مثلي فش حد في حياتو واقعد لوحدي دائما كتير ضيعت وقت وما حسيت فيه ✌🏻👌🏻,ar,[],[],[],1,0,1,[],,0
لعبت لوحدي ضدي تيم وربي جننتهم وفزت😭😂  https://t.co/1FYas93NTn,ar,[],[],['https://pbs.twimg.com/media/EW3l2B1XkBEcgJF.jpg'],2,0,0,[],,1
انا لعبت مع 2 مرتبطين و هيا زعلانه اوي ان هو دخلني معاهم و فضلت ترخم عليا طول الجيم و تقولي يا انسه ساره كان رايح ينام و اول م بعتي وافق يلعب جيم تاني 😂😂😂 حتا لما كنا بنروح مكان بالعربيه كانت تقولو لا همشي لوحدي خد ساره 😂😂😂😂😂😂😂😂😂😂😂😂😂😂😂,ar,[],[],[],1,0,30,[],https://twitter.com/__unfavhend__/status/1253837806625067008,0
@omniaelnabawy متعرفيش لما لعبت معاهم لوحدي انا جبت كام وهما جابوا كام😋,ar,[],[],[],1,0,1,[],,0
لعبت جيم بابجي لوحدي ومملة اوي,ar,[],[],[],1,0,2,[],,0
@EsSoO_HaMed @dr_dina00 والله رحت لعبت الألعاب دى لوحدى يومها عيال فقر، بس طلعتها مع العيلة وقرايبنا أخويا بيدوس معايا فى الحاجات دى,ar,[],[],[],1,0,1,[],,0
لعبت ببجي مع صحباتي المتنمرين واتفنشو وكنت احسب اني صرت لوحدي ف القيم وزي ما انتو شايفين صرت اتكلم مع نفسي زي المجنونه عشان سبرايز القى نفسي ف سناب🥰  https://t.co/nYP9Hb9EAE,ar,[],[],[],3,0,7,[],,1
@w17d_ مستحيل العب لوحدي ، اذا لقيت احد اعرفه لعبت واذا م لقيت اطلع,ar,[],[],[],0,0,0,[],,0
النهاردة صحيت لوحدي بدري بالصدفة البحتة واكاد اجزم ان الايام اللي بنكون productive فيها .. هي الايام اللي بنصحى فيها بدرررري نضفت ،لعبت مع القطة كتير ،عملت workouts ،عملت فلافل محشية جبن وبسطرمة،كتبت في ال diary ،وكل دا الساعة ٤ لسا 🙌,ar,[],[],[],0,0,8,[],,0
كنت بفكر اشتري جهاز بلايستيشن .. مش مجرد فكرة وكنت يوم الخميس بتكلم ف ان عندي نية .. أجرنا الخميس بالليل واحد وفضلنا نلعب سوا، المولد اتفض والجهاز فضل عندي لعبت جيمين وسيبته، الأنشطة اللي بتحتاج اكتر من شخص مينفعش اقوم بيها لوحدي، وفعلا الجنة من غير ناس ما تنداس.,ar,[],[],[],1,0,3,[],,0
وأنا صغير كنت دايما لوحدى شبهه دلوقتى كدا او كتر كمان مكنتش بتعامل مع حد خالص مكنتش بشوف الشارع وكنت دايما ببقى مضايق من بابا انه مش مخلينى العب ف الشارع وانزل زى الأطفال عمرى ما عملت حاجه الأطفال بتعملها ولا لعبت حتى كنت لئما ف البيت لئما شغال مع بابابس الحسنه الوحيدةكانت الفلوس,ar,[],[],[],1,0,0,[],,0
@ayoosha88 الصبح لعبت لوحدي في بيت جامد  حملييه عشان نبقا نخشه,ar,[],[],[],1,0,0,[],,0
@iiill707 هالححححين اقولك بطلهه وتقولين اتريق! انا اذا لعبت لوحدي تصيبني ام الركب ويمكن بوت يقتلني😏!,ar,[],[],[],1,0,1,[],,0
انا اكتشفت ان انا كان معايا علوق بلعب معاهم فى ببجى اخش الجيم لوحدى ياخده ياما اطلع التانى انما لو لعبت معاهم بموت اول منزل 😂💔,ar,[],[],[],0,0,3,[],,0
اكثر وحده لعبت بمخي مرات اكررههها و مرات اقول بزر بزر نعدي لها مدري هل انا لوحدي اللي يفكر كذا 🌞,ar,[],[],[],0,0,0,[],https://twitter.com/nelldya/status/1250085430751608835,0
٣٠ دقيقة بطن قاتلة .. حقيقي افتقدت اللعب مع حلا النهاردة لما لعبت لوحدي التمرين موجود على اللايف انستاجرام @rasha_elshamy  https://t.co/3TWguvfpnQ,ar,"[{'screen_name': 'rasha_elshamy', 'name': 'rasha elshamy رشا الشامي', 'id': '294156672'}]",[],['https://pbs.twimg.com/media/EVlQwjuXQAIfXqG.jpg'],0,0,0,[],,1
@rockalien_ @OsamaNabih1 لعبت بحشرة اسمها khazix جيم ارام كنت شاري  items جامدة و كنت بدخل عالenemy team لوحدي بقوله امك بتجيلي,ar,[],[],[],1,0,2,[],,0
@FaresShawky @mohamed_samyy23 @NaguibSaid2 @ahmedEllwy @ElSheribeny ي جن لعبت معهم كذا جيم منهم جمين كان ف اتنين ع السلم وقعهم كلهم ورحت انا قتلتهم وصحيت سام وجيم كنا ف الملاهي وتيمين جين علينا صفيت تيم لوحدي وهما ماتو من التيم التاني ومش عجبه ي جن,ar,[],[],[],1,0,1,[],,0
@llkll24 قهرات.. بس ابشرك لعبت لوحدي وجبته😂  https://t.co/7JAU9hV2ty,ar,[],[],['https://pbs.twimg.com/media/EVc19PzWkAAwlYY.jpg'],0,0,0,[],,1
لسا داخل البيت حالا و نزلت و لعبت بلايستيشن و شوفت اصحابي و اتضح ان انا لوحدي فعلا اللي كنت ف الحجر,ar,[],[],[],2,0,3,[],,0
"كنت ماسحه بابچي من فتره ورجعت نزلتها تاني وبستعيد مهاراتي عشان نسياهاا جدا وبلعب لوحدي والمرتين اللي لعبت فيهم لوحدي كسبت فيهم ومبسوطه بيا اوي :""D",ar,[],[],[],1,0,1,[],,0
بقالي فترة مش عايزة اكلم حد وبلعب بابجي لوحدي . من كتر ما لعبت لوحدي زهقت ونمت وانا راكبة الموتسيكل صحيت وهو بيتفرقع بيا . الوحدة وحشة اوي يا خال 💔,ar,[],[],[],0,0,0,[],,0
اكتشفت لما العب قيم لوحدي افوز بس اذا لعبت مع تيم اصير سبيكه واموت اول وحده🙂🙂,ar,[],[],[],0,0,0,[],,0
@wAlahmadi_1 الحمد لله مو لوحدي لعبت بشعري🌚😂  https://t.co/8AGJpLrun3,ar,[],[],['https://pbs.twimg.com/tweet_video_thumb/EU5GkAwXsAEcH8p.jpg'],1,0,0,[],,1
@3zoz_mz عن نفسي ما أعجبني أنا لعبتها لوحدي يمكن كانت راح تعجبني لو لعبتها مع احد زي ما لعبت ألعاب ماريو بارتي ثانية جماعي,ar,[],[],[],1,0,0,[],,0
@elbarr_ عيب عليك انا م بتاعه الكلام دا انا لعبت 20جيم لوحدي وحرمت بس ندخل جيم حموله وهظبطك😂,ar,[],[],[],1,0,0,[],,0
نحتفل بقا بأول حد اقتله ف اللعبه دي حرفيااا لعبت كتير وبتقتل بس ..بس صراحه مقتلتوش لوحدي سمر ساعدتني @samremad3  وخلاص انا بعتبر نفسي محترفه دلوقت معكم لاي استفسار📉  https://t.co/U9NzNSkZe7,ar,"[{'screen_name': 'samremad3', 'name': 'سمر🧸', 'id': '1220038140792123392'}]",[],['https://pbs.twimg.com/media/EUtpWSIXkAwp-p7.jpg'],2,0,12,[],,1
لعبي بسيرش يتحسن ١٠ مرات اذا لعبت لوحدي 😅 #مودرين_وارفير,ar,[],[],[],1,0,0,['مودرين_وارفير'],,0
لعبت لوحدي وكسبت مرتين اشطا عليا ومموتش انا ايوا مموتش💃😂,ar,[],[],[],2,0,8,[],,0
لعبت لوحدي واتقتلت عادي مش حوار🙂  https://t.co/xYTGtgUvdu,ar,[],[],['https://pbs.twimg.com/media/EUZtKh7WAAAk2z_.jpg'],0,0,0,[],,1
@SaraaahNasser لسا كنت نازل مع تلاته خلايجه لعبت لوحدي وبعدين انضربو قعدوا يقولو تعالي تعالي جيت رايح بالعربيه عديت من جنبهم وكملت طريقي😂,ar,[],[],[],1,0,1,[],,0
@A7Sh22 اول ما لعبت لوحدي لغيت التمرينه دي😂😂,ar,[],[],[],1,0,1,[],,0
@Asm2han قبل يوم دخلت لعبت كنت لوحدي كان نفسي اكلمك بس قلت هذي بطلت تلعب 😂😂😂,ar,[],[],[],1,0,0,[],,0
لبه لما بلعب ببجي لوحدي بعمل جيمات جامده اجمد من لو لعبت مع حد اعرفه؟,ar,[],[],[],0,0,3,[],,0
@Wessammegahed22 ياستي لعبت امبارح جيم لوحدي وقتلت ٢ 😌🤸‍♀️,ar,[],[],[],0,0,0,[],,0
@Ali_saied74 مصر كلها لاعيبة يعم انا بلعب لوحدي عشان لسا مبعرفش العبها لعبت جيمين معا ناس عالية بموت بسرعة😂,ar,[],[],[],1,0,0,[],,0
@Mahmoudsharaby0 يسطا لعبت امبارح لوحدي ، كان ف كام بنت سعوديه معايا ف التيم ، وضحكت ضحك السنين ولله ، اول ماماتوا خدت شتايم 😂😂😂😂😂 كنت بتشتم واضحك ولله 😂😂😂😂😂😂😂😂,ar,[],[],[],1,0,1,[],,0
@Tohamy2314 @FilGoal من وانا عندي ١٤ سنة لعبت بطولات محلية، وانا ١٦ سنة دخلت المنتخب لحد دلوقتي الحمدلله ،، اتمرنت لوحدي كتير بعد تمريني الاساسي,ar,[],[],[],1,0,2,[],,0
@roshdy333beah33 انت فاكر اخر مره شوفتك فيها صوابعي لعبت فين 😂😂😂 لا مكنتش لوحدي كمان صوابعنا كلنا لعبتلك😂😂😂😂😂😂😂😂😂,ar,[],[],[],1,0,0,[],,0
@chanabnana55 @Him_ev @LittlKoala ههههههههههههههههههههههههههههههههههههههههه والله لعبت لوحدي لان الي معي طفو وماقصرو فيني 😭😭😭😭😭😭😭😭😭,ar,[],[],[],1,0,0,[],,0
@AhmedMRahman هو انا لعبت بيه قبل كده عالقهوة مع ناس، بس مس عارف لوحدي حيبقى فيه لعب حلوة ولا لا,ar,[],[],[],2,0,0,[],,0
كوتشينه ولعبت قمار ولعبت طاوله ولعبت دومينو ولعبت فتحنا قهوه عندنا في البيت ومفيش فايده بيانو ولعبت اكل وعملت وطلعت ست بيت زباله بس عاش كوميديا  اكل وكلت ومش حاسه بطعمه وأنا باكل لوحدي كدا او عشان طعمه زباله ده انا لعبت ألعاب فلاش والله مفيش أمل,ar,[],[],[],1,0,4,[],,0
الحين أنام مرتاحه لعبت لعب حلو و مو لوحدي وبتابع حلقه وبنام بكل سلام وروقان,ar,[],[],[],1,0,0,[],,0
@MohameedHU علفكره انا لعبت لوحدي احلى من لما كنت معايا خد بالك شفت لما خرجت من ظلك وشي نور إزاي❤️❤️,ar,[],[],[],0,0,0,[],,0
يبني وأقسم بالله مدثر ده ما بيعرف يلعب لو كنت لعبت لوحدي عليكوا كنت كسبتكوا,ar,[],[],[],1,0,0,[],https://twitter.com/Mo3az2525/status/1237710466970943488,0
@Justn4if اوه مره حلوه اذا تلعب مع ناس تعرفهم قبل كنت العب لوحدي كنت اطفش بسرعه بس لما لعبت مع ناس اعرفهم استانست,ar,[],[],[],1,0,0,[],,0