tweet,language,mentions,urls,photos,replies_count,retweets_count,likes_count,hashtags,cashtags,link,retweet,quote_url,video
محد رد شكلكم ماتبون تلعبون معي 💔  https://t.co/jIcNzyPSu7,ar,[],[],['https://pbs.twimg.com/media/Ea-cepbXgAIGhpR.jpg'],0,0,0,[],[],https://twitter.com/lama_3303/status/1274409276673490952,FALSE,,1
شرايكم تجون تلعبون معي ببجي,ar,[],[],[],1,0,0,[],[],https://twitter.com/lzuv0_/status/1274176423767478273,FALSE,,0
@_XNA09 تلعبون معي انا وصديقتي ما نسب وطفش😭,ar,[],[],[],1,0,0,[],[],https://twitter.com/Alohaa__9/status/1274140722959192068,FALSE,,0
خياس صدق اذا بتزعلون على كل شي لا تكلموني ولا تلعبون معي سخافه قسم بالله :).,ar,[],[],[],0,0,0,[],[],https://twitter.com/j55jm1/status/1273780001264013315,FALSE,,0
شرايكم تجون تلعبون معي لودو ابي بنات كتاكيت ضحوكات.,ar,[],[],[],0,0,1,[],[],https://twitter.com/ll47__/status/1273479855531855874,FALSE,,0
@8ilkm @j5Qj0c @ii90a_ @18Iixm ها تلعبون معي😂😂😂؟,ar,"[{'screen_name': 'ii90a_', 'name': '-𝙽𝙰-', 'id': '1076784579984400384'}, {'screen_name': '18iixm', 'name': '𝑀𝑎𝑦𝑎𝑚𝑖𝑛.', 'id': '1109503361496350727'}]",[],[],1,0,2,[],[],https://twitter.com/ssllx_85/status/1273428714676801538,FALSE,,0
الجدد الي ضافوا تلعبون معي ببجي ؟  https://t.co/yL62ms0vdr,ar,[],[],['https://pbs.twimg.com/media/EaoGcUTXkAApXZz.jpg'],3,0,0,[],[],https://twitter.com/m7rb18/status/1272836934965112833,FALSE,,1
المهم ماودكم تلعبون معي كود,ar,[],[],[],0,0,6,[],[],https://twitter.com/la9_ae/status/1272693584710586368,FALSE,,0
#ايش_نفسك_يوم تلعبون معي تيم لودو القديمه ؟,ar,[],[],[],1,0,0,['ايش_نفسك_يوم'],[],https://twitter.com/aljoj____/status/1272277716071591936,FALSE,,0
مو معقول كل ما جيت بلعب Apex لازم اشحت شحاته عشان تلعبون معي! 😠😡,ar,[],[],[],3,0,0,[],[],https://twitter.com/darknessxlord/status/1272153568603144194,FALSE,,0
@IKEAsaudiarabia موعد التوصيل اليوم ولكن ماحد تواصل معي .. تلعبون علينا,ar,[],[],[],0,0,0,[],[],https://twitter.com/anwal3183/status/1272077032726429698,FALSE,,0
@uglyspiritt ايه هذا جوي استغبي عليكم عشان تكرهون تلعبون معي عشان ماعاد تطلبوني العب معكم🥰,ar,[],[],[],0,0,0,[],[],https://twitter.com/cxfli7/status/1272045733210992643,FALSE,,0
اخر مره بنزل وربي لو ما تلعبون معي لودو لا اعاقبكم !!!!!  https://t.co/FjaAqLUn4s,ar,[],[],['https://pbs.twimg.com/media/EacgOPyXkAEjTSQ.jpg'],3,0,0,[],[],https://twitter.com/iistk/status/1272020855728545792,FALSE,,1
@MallakZ1 انا مبسوطه انكم صرتم تلعبون فف معي 😔💙,ar,[],[],[],1,0,0,[],[],https://twitter.com/ur_otoka/status/1271935997790560258,FALSE,,0
@NaqelExpr وين شحنتي من رمضان وانا انتظر تلعبون معي حبشه يعني كل يوم يرسل رقم مندوب يبي الموقع ولا يجي؟؟! 😕😕😕 وش شركه النقل ذي بالله مماطل وخياس,ar,[],[],[],0,0,0,[],[],https://twitter.com/SaAmaal/status/1271819748272193540,FALSE,,0
@ii_a63 هههههههههههههههههههههههههههههه.. لا يابنت !! خلوووه فلووس وربي اعرف وين اخبيها لكم.. ثقي فيني بس؛ راح تلعبون احلى لعبه بحياتكم معي  !  https://t.co/O9srHIUhJL,ar,[],[],['https://pbs.twimg.com/tweet_video_thumb/EaYF54fWoAAmLUx.jpg'],1,0,1,[],[],https://twitter.com/moongirl444/status/1271710446429577216,FALSE,,1
ببجي تلعبون معي,ar,[],[],[],2,0,18,[],[],https://twitter.com/M__hr0/status/1271660472748703749,FALSE,,0
عندكم ببجي تلعبون معي لاني طفشت,ar,[],[],[],1,0,0,[],[],https://twitter.com/icvwl/status/1271578443046703106,FALSE,,0
عادي تلعبون معي 🙇🏻💔    #ببجي  https://t.co/Uj2rEeQ6UO,ar,[],[],['https://pbs.twimg.com/media/EaTZc7SWoAAIhkQ.jpg'],0,0,2,['ببجي'],[],https://twitter.com/geny_q/status/1271380107060486144,FALSE,,1
@NaqelExpr @NaqelCare توصلني رساله بان شحنتك خرجت للتسليم بعد انتظار اكثر من شهرين وانتظر المندوب يتصل او اي احد يتواصل معي !؟ بعدين ترجعونها للمستودع بحجه ان مافي احد تواصل معكم على كيفكم انتو تلعبون عليناا طول اليوم وانا جوالي بيدي مافي اي تواصل    حسبي الله عليكم جيبو شحنتي 41143660,ar,[],[],[],2,0,0,[],[],https://twitter.com/tofy_r/status/1271269125088858113,FALSE,,0
تلعبون معي لودو؟,ar,[],[],[],0,0,0,[],[],https://twitter.com/vveix1/status/1271268718044237824,FALSE,,0
@4iize_ ماطلبت تلعبون معي!,ar,[],[],[],0,0,0,[],[],https://twitter.com/1Iazy/status/1271086516656357388,FALSE,,0
@7a_dream @tiredray شرايكم اثنينكم تجون تلعبون معي؟,ar,[],[],[],2,0,0,[],[],https://twitter.com/TloDelRey/status/1271050935347937281,FALSE,,0
يا حظكم بتصيرون تلعبون معي,ar,[],[],[],0,0,0,[],[],https://twitter.com/rmfc_r/status/1270825888448417793,FALSE,https://twitter.com/whrumor/status/1270713478156701696,0
#تم_القبض  تلعبون معي لودو مايك؟,ar,[],[],[],1,0,0,['تم_القبض'],[],https://twitter.com/revana_soso/status/1270600611969609728,FALSE,,0
بنات تلعبون معي لعبة !!! 🤕 اختاروا لعبه نلعبها  . . . . . . . .,ar,[],[],[],3,2,2,[],[],https://twitter.com/Investigation_q/status/1270490790817665024,FALSE,,0
مرت جدكم ما تلعبون معي كود 🙎🏻‍♀️💔,ar,[],[],[],0,0,0,[],[],https://twitter.com/Withoutnurse/status/1270455191662407686,FALSE,,0
لو ما تلعبون معي gang beast بالسوني وربي بزعل توني مختبر و النفسيه زفت ابي اقتىلكم و ارميكم من المباني,ar,[],[],[],1,0,1,[],[],https://twitter.com/sugeranas/status/1270298388509097986,FALSE,,0
@NaqelCare تلعبون علينا انتو كل يوم يجيني مسج الشحنه مع المندوب ولا احد يتواصل معي قبل يومين يتصل ويقولي ارسل الموقع ويسحب علي سلمات شالمصداقيه اللي عندكم!!!!,ar,[],[],[],0,0,0,[],[],https://twitter.com/busaud222/status/1270281036488982528,FALSE,,0
@Thehaneen_ بصير يوم من الايام لعيب وكلكم تتمنون تلعبون معي بس لن ولن,ar,[],[],[],1,0,0,[],[],https://twitter.com/iiu17_/status/1270187763216855042,FALSE,,0
اعرض عليكم تلعبون معي لودو؟,ar,[],[],[],0,0,0,[],[],https://twitter.com/__aih10/status/1270178557894037505,FALSE,,0
تلعبون معي  https://t.co/BOGo4EoUOW,ar,[],[],['https://pbs.twimg.com/media/EaBio_EXgAE9fk3.jpg'],2,2,0,[],[],https://twitter.com/hdh26h/status/1270123558241538049,FALSE,,1
متو ناوين تلعبون فيفا معي 😞,ar,[],[],[],3,0,0,[],[],https://twitter.com/Jxc4x/status/1270049192132653057,FALSE,,0
@NaqelCare   فيه شحنه تواصل معي المندوب يوم الاربعا قال ضيعتها ومادري وينها ؟؟؟ تلعبون انتم ومناديبكم وهذا رقم الشحنه  لي اكثر من اسبوعين اتواصل معكم لكن مافيه اي رد منكم 24490669,ar,[],[],[],0,0,0,[],[],https://twitter.com/almutairi_hind/status/1270031910308323329,FALSE,,0
تلعبون معي ببجي ؟ هاتوا الكود دي ام,ar,[],[],[],0,0,0,[],[],https://twitter.com/cherryberry97/status/1269998776565063680,FALSE,,0
طيب اسمعوا تجون تلعبون معي لما ربي يفرجها ويفتح معي الزبال ذا؟,ar,[],[],[],0,0,1,[],[],https://twitter.com/pinklisaa/status/1269974007291527174,FALSE,,0
على اي اساس مكتوب انو فشل التوصيل  وهو ابد محد اتواصل معي تلعبون علينا ؟؟؟؟؟ @NaqelCare  https://t.co/v6qoXhJ2ft,ar,"[{'screen_name': 'naqelcare', 'name': 'naqel express customer care', 'id': '833562173196664833'}]",[],['https://pbs.twimg.com/media/EZ7fLLVWkAMUUSC.jpg'],1,0,0,[],[],https://twitter.com/yoonraoo/status/1269697555518160898,FALSE,,1
@EtecKsa اختبارنا انلغى بدون سبب والبرنامج مايفتح معي !! كيف اسجل الحين ؟ عاجبكم وانتم تلعبون بمستقبلنا ؟الغو الاختبار لسلامه الطلاب ! #اليوم_يوم_الالغا,ar,[],[],[],2,2,7,['اليوم_يوم_الالغا'],[],https://twitter.com/lolhnouf/status/1269682290717753345,FALSE,,0
ازعجتكم كلكم عشان تلعبون معي بس هاه لقيت شخص احسن,ar,[],[],[],0,0,4,[],[],https://twitter.com/xgaa23/status/1269533079888105478,FALSE,,0
@F0_H8 اححسن اصلاً مو لازم تلعبون معي,ar,[],[],[],0,0,0,[],[],https://twitter.com/_9itb/status/1269375751259914240,FALSE,,0
قريت زمان عن قانون الجذب وقلت اجربه ٫  المهم لي سنه كامله موقن ان معي مليون بالبنك واتصل اسألهم اليوم قالو أنت حتى حساب ماعندك شهالقانون الكذب تلعبون علينا,ar,[],[],[],1,0,0,[],[],https://twitter.com/iPayso/status/1269199703083823105,FALSE,,0
تلعبون معي لودو؟,ar,[],[],[],1,0,2,[],[],https://twitter.com/vveix1/status/1269034900356771846,FALSE,,0
شرايكم تلعبون معي ببجي👈🏻👉🏻,ar,[],[],[],0,0,0,[],[],https://twitter.com/brilliantlki/status/1268991924498837504,FALSE,,0
@_Reizo ما تلعبون معي 😞,ar,[],[],[],1,0,0,[],[],https://twitter.com/lix729/status/1268950398376828932,FALSE,,0
لا سوالف بالخاص ولا تسألوني بالكيريوس ولا تلعبون معي، بعرضكم للبيع وأبيعكم بأبخس سعر ممكن لأن هذي قيمتكم الحقيقيّة,ar,[],[],[],3,0,0,[],[],https://twitter.com/lix729/status/1268932535330971651,FALSE,,0
السلام عليكم وش رايكم تلعبون معي ببجي,ar,[],[],[],0,0,0,[],[],https://twitter.com/brilliantlki/status/1268810000811659264,FALSE,,0
شرايكم تلعبون معي ببجي ?,ar,[],[],[],1,0,0,[],[],https://twitter.com/1wip_/status/1268765357172539394,FALSE,,0
طيب شرايكم تلعبون معي ببجي ؟.,ar,[],[],[],0,0,1,[],[],https://twitter.com/4skyI/status/1268419879369093121,FALSE,,0
ليه ماصرتوا تلعبون معي لودو؟ وأخليكم تفوزوني تحت التهديد ؟,ar,[],[],[],3,0,4,[],[],https://twitter.com/zaillv/status/1268041876617277440,FALSE,,0
هل تلعبون معي ببجي! ولا مو هل!,ar,[],[],[],1,0,8,[],[],https://twitter.com/Naan_5__/status/1268021818562154497,FALSE,,0
يعني ماتبون تلعبون PUBG معي صح,ar,[],[],[],0,0,1,[],[],https://twitter.com/alvrrri_/status/1267970121005502464,FALSE,,0
@NaqelCare لم تصلني ولم يتواصل معي مندوب التوصيل وش هذا خرجت ورجعت يعني انتو تلعبون علينا ولا كيف,ar,[],[],[],0,0,0,[],[],https://twitter.com/mjnina909/status/1267852860181614596,FALSE,,0
@EtecCare @gmusa_a مافتح معي التجريبي تلعبون علينا انتم؟,ar,[],[],[],0,0,0,[],[],https://twitter.com/Raghad275710694/status/1267805087637950464,FALSE,,0
@1oneJune اقعدوا معي م يحتاج تلعبون,ar,[],[],[],1,0,0,[],[],https://twitter.com/M_hmd27/status/1267789232891924480,FALSE,,0
@CITC_withU كيف قسد المعاجله وتوكم راسليلي انها تقفلت وش تلعبون معي ؟؟؟.,ar,[],[],[],0,0,0,[],[],https://twitter.com/qweenabeer4433/status/1267755614282932224,FALSE,,0
وش رايكم تلعبون معي فورت,ar,[],[],[],0,0,0,[],[],https://twitter.com/iNouof/status/1267413700685815809,FALSE,,0
@sisjjssik تيم تلعبون معي؟,ar,[],[],[],0,0,0,[],[],https://twitter.com/Mp3QDREVyqj7BUo/status/1267277356974161920,FALSE,,0
سأقدم شكوى ضد البريد السعودي على مستوى حكومي إن شاء اللهأنتم الناس تلعبون معي  لقد زرت المكتب 3 مرات اتصل بخط المساعدة 3 مرات.  ولكن دون جدوى  البريد السعودي هو أسوأ خدمة واجهتها على الإطلاق. لا يريد أي شخص في شركتك العمل والتعاون  لديك طردي ولكنك لا تريد أن تسلمني,ar,[],[],[],1,0,0,[],[],https://twitter.com/KashiffNaveed/status/1267276721759322114,FALSE,,0
تجون تلعبون معي ولا اعصب؟؟؟,ar,[],[],[],2,0,3,[],[],https://twitter.com/1qlji/status/1267200274059399169,FALSE,,0
لو اشغل كود تلعبون معي؟,ar,[],[],[],11,0,1,[],[],https://twitter.com/vFexr/status/1267023463744757760,FALSE,,0
شرايكم تلعبون معي ببجي؟👀,ar,[],[],[],1,0,0,[],[],https://twitter.com/i_kamuii/status/1266955680050749440,FALSE,,0
@_lamo99 @sema_e3 تلعبون معي؟,ar,[],[],[],1,0,0,[],[],https://twitter.com/mox5051/status/1266898584592683008,FALSE,,0
جا في بالي فعاليه ودكم اسويها تلعبون معي ماتسحبون علي🌝💔💔💔💔,ar,[],[],[],4,0,0,[],[],https://twitter.com/wir_88/status/1266882310139453440,FALSE,,0
@i_l5b6 @FaresAlqahtan1 معي الف تلعبون معي وتاخذوها مرا وحده؟,ar,[],[],[],1,0,0,[],[],https://twitter.com/baby5gurll/status/1266847695072890880,FALSE,,0
@EtecKsa @EtecQiyas ايش المهزله ذييي؟؟؟ اول شي ترسلون لي ان اختباري يوم الجمعه تاريخ ٢٩ بعدين ترسلون لي يوم الجمعه تاريخ ٣٠ انتو بقر انتو؟؟؟؟؟ولما جيت اختبر ما تضبط معي كلمة المرور وين عايشين حن وين ايش المهزله ذي كميه التهاول والملعنه اللي فيكم ماهي طبيعيه تلعبون في مستقبلنا ؟,ar,[],[],[],0,0,0,[],[],https://twitter.com/mona42660531/status/1266598737423540231,FALSE,,0
@HungerStation  ممكن أعرف ليش ما رجع لي مبلغ طلبي اللي انلغى من عندكم كاتبين السبب عدم الرد على المندوب و المضحك في الموضوع ان المندوب تواصل معي و قال جاء الالغاء من قبل الدعم عندكم تلعبون علينا و الا ايش السالفه ؟!!!,ar,[],[],[],1,0,0,[],[],https://twitter.com/NooshaIixxc/status/1266549545330184193,FALSE,,0
لازم اكون بنت عشان تلعبون معي ؟؟ #فورتنايت,ar,[],[],[],1,0,0,['فورتنايت'],[],https://twitter.com/aboodi6100/status/1266531305216520193,FALSE,,0
@NaqelCare فيه شحنه تواصل معي المندوب يوم الاربعا قال ضيعتها ومادري وينها ؟؟؟ تلعبون انتم ومناديبكم وهذا رقم الشحنه 24490669,ar,[],[],[],0,0,0,[],[],https://twitter.com/almutairi_hind/status/1266439994228514816,FALSE,,0
@9zulp @iiisss_1 لا تلعبون معي 😭  https://t.co/nvZQNa5dcS,ar,[],[],['https://pbs.twimg.com/media/EZKf0v5U4AAeAt5.jpg'],2,0,0,[],[],https://twitter.com/_SlllA/status/1266250182854799362,FALSE,,1
لازم تلعبون معي call of duty وتشوفون لبسي Waarrddaa,und,[],[],[],0,0,0,[],[],https://twitter.com/thewardaa/status/1266058800286613506,FALSE,,0
@Yaqootapp ياقوت بتردون بالخاص ولا كالعاده بتقولون بتردون بعدين تلعبون معي حبشه,ar,[],[],[],0,0,0,[],[],https://twitter.com/MtnsonsZGLKm9DQ/status/1266043983756693509,FALSE,,0
@SSuwailm @Turki_alalshikh دام تلعبون عندي ابشر انا اشتري ب ١٥٠٠ الي معي المهم تلعبون عندي🙏🙏🙏🤩 انا اول من دخل المزاد بمبلغ,ar,[],[],[],0,0,0,[],[],https://twitter.com/NorAL7ob/status/1266021366790324224,FALSE,,0
@jawwy روح شوف الخاص من متى اكلمكم وانتم تلعبون معي اشرح المشكلة ترجعون تطلبون رقم الطلب اعطيكم اياه و اشرح المشكلة ترجعون تطلبون رقم الهاتف اعطيكم اياه و اشرح المشكلة ترجعون تطلبون رقم الطلب استهبال ولا ايش الوضع؟,ar,[],[],[],0,0,0,[],[],https://twitter.com/AbdalbaryA/status/1265891901456203778,FALSE,,0
لو ما تلعبون معي!!!!  https://t.co/2FjySVUuXp,ar,[],[],['https://pbs.twimg.com/tweet_video_thumb/EZFH1uKWAAA9yc3.jpg'],0,0,0,[],[],https://twitter.com/IPinkyCherry/status/1265871971058888706,FALSE,,1
تلعبون معي لودو ؟,ar,[],[],[],2,0,1,[],[],https://twitter.com/1442_sss/status/1265770027749265408,FALSE,,0
:ماهي مواقعكم/مواضعكم عندما تلعبون كرة القدم؟  وين: انا مهاجم. برايت: انا لا بأس معي مع اي موقع/موضع.,ar,[],[],[],1,0,5,[],[],https://twitter.com/lovejial/status/1265762772404580353,FALSE,https://twitter.com/GMMTV/status/1265590102886977536,0
خلصت الحلقة الاولى ابددا ماتوقعت اللعبه حلوه كذا !  احس شوي وتتعدا حبي لديترويت ، واحسن شي بالبث اني احسكم تلعبون معي xD شكرا للي علقو وماخلوني لحالي 💛، بكمل بوقت ثاني بس علموني ايش الاوقات اللي تكونون فيها موجودين,ar,[],[],[],0,0,1,[],[],https://twitter.com/LADY__TALR/status/1265473620329091073,FALSE,,0
#ناقل_اين_شحنتي.  شحنتي لها شهر ونص عندكم. والجمعه طلعت مع المندوب ورجعها للمخزن! مع العلم انه ماتواصل معي . وش هالمهزله الى متى تلعبون على الناس!!!خربتو علينا فرحة العيد ومشيناها الحين خلص العيد وينها!!!!,ar,[],[],[],0,0,0,['ناقل_اين_شحنتي'],[],https://twitter.com/5432Eman/status/1265472704917970946,FALSE,,0
تكفون ترا بوته ماانصحكم تلعبون معي 😭😭😭😭😭😭,ar,[],[],[],0,0,2,[],[],https://twitter.com/iiuuvh/status/1265424042238062592,FALSE,,0
ببجي تلعبون معي,ar,[],[],[],0,0,0,[],[],https://twitter.com/sa22sa20101/status/1265388578005299203,FALSE,,0
تلعبون معي لودو ولا العب مع نفسي؟,ar,[],[],[],1,0,0,[],[],https://twitter.com/_iixqz/status/1265166751576309761,FALSE,,0
طيب شرايكم تلعبون معي ؟,ar,[],[],[],3,0,0,[],[],https://twitter.com/xTiips/status/1265095773013921793,FALSE,,0
@al2hmadii ضغوطات من وكيل اعمالي عشان تلعبون معي.,ar,[],[],[],0,0,0,[],[],https://twitter.com/iihussain22/status/1264841595364487168,FALSE,,0
شرايك تلعبون معي ببجي تعالو دي ام,ar,[],[],[],0,0,1,[],[],https://twitter.com/fiiuii9/status/1264643160157929474,FALSE,,0
@SpiceMerchant_ تخيل معي على الفراش قبل النوم تسولف معها عن تجربتك بالقوينت و هي تعطيك مراجعة للعبة ثانية و تلعبون كو اوب مع بعض والا تتقمص شخصية تيفا والا ماكوتو و هيك حلم الجيمرز بإختصار,ar,[],[],[],1,0,0,[],[],https://twitter.com/MajorHatim/status/1264505872438513664,FALSE,,0
ليه م تلعبون معي ىىجي  https://t.co/Qa02IDXaGJ,ar,[],[],['https://pbs.twimg.com/media/EYvW8uSX0AELkDn.jpg'],0,0,0,[],[],https://twitter.com/Lomaria1l/status/1264340466591510529,FALSE,,1
كنت بقول تلعبون معي لودو بس تذكرت ان لعبي فاشل افوز بالحظ وبطلت,ar,[],[],[],1,0,9,[],[],https://twitter.com/xllilil_/status/1264021563508248577,FALSE,,0
ما بالكم لا تكونون صريحين! لماذا تلعبون معي لعبة القط والفأر؟ حقا إن هذا لمن قلة الأدب ولعلّني لن أسمح بهذا بعد الآن!...لسوف أنهض واقفاً فأرميكم بالحقيقة كلها صفعا على وجوهكم ولسوف يرون عندئذٍ مدى الاحتقار الذي أحمله لهم!  #الجريمة_والعقاب,ar,[],[],[],0,0,0,['الجريمة_والعقاب'],[],https://twitter.com/_fr2a/status/1263956178251456513,FALSE,,0
دخلت 890 وبكرا ارجع 888 خييييييير يامتابعين ليه تلعبون معي كذا ، ضيفوني وخلااص 😭!!!,ar,[],[],[],0,0,5,[],[],https://twitter.com/exotwi9/status/1263904404761124865,FALSE,,0
@dh28ai لا ابد مب طبعي ! انا و صاحباتي والبنات الي درسو معي فمستوى اول كلللنا كنا نبي نحول وفيه تفاوت ب معدلاتنا والتخصصات الي نبيها تختلف الحين بتخرج ولا وحده قدرت تحول الا الي حولت تحويل خارجي ! تحبون تحسنون نظرتها وان نظامها حلو بس حرام تلعبون على البنات انا بقولهم الي عشته,ar,[],[],[],0,0,0,[],[],https://twitter.com/x202_aa/status/1263889745228312582,FALSE,,0
@asmanui معي تيم تلعبون روم؟,ar,[],[],[],1,0,0,[],[],https://twitter.com/i1iifr/status/1263698369408532481,FALSE,,0
وش رايكم تجون تلعبون معي ببجي.,ar,[],[],[],1,0,1,[],[],https://twitter.com/___WA81/status/1263696960558632960,FALSE,,0
لو شاركتكم بحسابي ببج تجون تلعبون معي؟,ar,[],[],[],1,0,0,[],[],https://twitter.com/Wolfpuppy__/status/1263652339958808577,FALSE,,0
من شوي وصلتم ٥٤٠٠ الحين ٥٩٥ ليه تلعبون معي انتم ترا ببدا اعصب عليكم واذا عصبت ماارحم,ar,[],[],[],5,0,0,[],[],https://twitter.com/3sllii/status/1263587274568069121,FALSE,,0
@NaqelExpr يتواصل معي المندوب ويقول ارسل موقعك وأنتظرته يومين بعدها دقيت عليه يقول أنا في بريدة تلعبون على العالم الحل 👇  https://t.co/IsfMDvXsBf,ar,[],[],['https://pbs.twimg.com/media/EYkFKCUXsAIRvgm.jpg'],0,0,0,[],[],https://twitter.com/7moda2015/status/1263546847987216391,FALSE,,1
وش رايكم تجون تلعبون معي ببجي ؟,ar,[],[],[],0,0,0,[],[],https://twitter.com/78eeu/status/1263495320752832514,FALSE,,0
@i9plc ااذا معك اخوياك تلعبون معي انا وخوياي ٤ ضد ٤,ar,[],[],[],0,0,0,[],[],https://twitter.com/Mazin__07_/status/1263427435422461953,FALSE,,0
@coue25 بكرا ترا تلعبون معي غصب,ar,[],[],[],0,0,0,[],[],https://twitter.com/iira87iii/status/1263333118943035392,FALSE,,0
ترا صاحيه تقدرون تلعبون #لودو معي /:,ar,[],[],[],1,1,6,['لودو'],[],https://twitter.com/iSoaPrettyy/status/1263295216540401665,FALSE,,0
شرايكم تلعبون ببجي معي!!,ar,[],[],[],1,0,2,[],[],https://twitter.com/c8lixi/status/1263239671544459266,FALSE,,0
@z1_305 زعلت منكم خلاص لا تلعبون معي 💔,ar,[],[],[],1,0,0,[],[],https://twitter.com/pub_sara1/status/1263157688952934403,FALSE,,0
ماتبون تلعبون معي اجل  https://t.co/RipBun2hLT,ar,[],[],[],0,0,0,[],[],https://twitter.com/UTD_abdullah/status/1263100596476731393,FALSE,,1
تلعبون معي ببجي؟,ar,[],[],[],2,0,5,[],[],https://twitter.com/a6ziv/status/1262993077481979905,FALSE,,0
@sirRAYAN1 @iRockix تلعبون معي فورت,ar,[],[],[],2,0,0,[],[],https://twitter.com/FilxSr/status/1262868478031278080,FALSE,,0
@nissansaudi @NhJaVkAOWcyL41l وش محد يشتكي انا كان معي التيما ٢٠١٧ وقيرها انواع التهريب حتى وكيلكم رفض يستلمها تحت الضمان ، تلعبون علينا محد يشتكي من القير,ar,[],[],[],0,0,0,[],[],https://twitter.com/badr54988375/status/1262716490081619971,FALSE,,0
@NaqelCare حسبي الله عليكم وش الاستغفال هذا، طلبيتي من شهر خارجة لتوصيل والمندوب ماتواصل معي، تلعبون علينا انتوا يارب اشهد افلاسكم ياكلااب,ar,[],[],[],0,0,0,[],[],https://twitter.com/Wjdank93/status/1262704317993271297,FALSE,,0
@xmx434 ابغاكم تلعبون معي👈🏻👉🏻🥺,ar,[],[],[],1,0,0,[],[],https://twitter.com/wii507/status/1262638088788086785,FALSE,,0
لعبت معهم وجبت لهم القيم لايك لو تتمنون تلعبون معي  https://t.co/HjoaO4waIF,ar,[],[],['https://pbs.twimg.com/media/EYWg6oMXQAAgUii.jpg'],1,0,1,[],[],https://twitter.com/__Rll01/status/1262592206239608833,FALSE,,1
خلصت الفعالية تلعبون معي لودو ؟,ar,[],[],[],0,0,0,[],[],https://twitter.com/lnz_7/status/1262569632705253377,FALSE,,0
ترا انا اطيب فتاه ليش ما تلعبون #لودو معي ولا تسولفو؟؟,ar,[],[],[],0,1,2,['لودو'],[],https://twitter.com/iSoaPrettyy/status/1262563607121969153,FALSE,,0
شرايكم دام الوضع كذا وبيطول  اتنازل واسمحلكم تلعبون معي في بلاتو ؟؟؟ نص ساعه واجيكم,ar,[],[],[],2,0,0,[],[],https://twitter.com/Dalo091_/status/1262459315979538433,FALSE,,0
ابيكم تلعبون معي بس جايبتها من ورا التريلات🤣,ar,[],[],[],0,0,0,[],[],https://twitter.com/pinklisaa/status/1262244877527666690,FALSE,https://twitter.com/pinklisaa/status/1262244765531279361,0
#الخنيزي  طيب تلعبون معي لودو 🦦,ar,[],[],[],2,0,0,['الخنيزي'],[],https://twitter.com/2_xdan/status/1262225130119409664,FALSE,,0
حملت لودو تبون تلعبون معي؟,ar,[],[],[],2,0,8,[],[],https://twitter.com/_9slii/status/1262201543031312385,FALSE,,0
مليون مره قلت لحد يستغفلني مو انا اللي اسكت واذا جيت اهدد خفتوا تستاهلون مو انا اللي تلعبون معي يلحوج.,ar,[],[],[],0,0,3,[],[],https://twitter.com/e_2984/status/1262185906544553984,FALSE,,0
عندكم باركور تلعبون معي #فورتنايت,ar,[],[],[],1,0,1,['فورتنايت'],[],https://twitter.com/llSayall95/status/1261943752203083776,FALSE,,0
هيه تو حملت لودو شرايكم تجون تلعبون معي؟؟,ar,[],[],[],1,0,2,[],[],https://twitter.com/sarllx_10/status/1261880055048912896,FALSE,,0
@NaqelCare @alaberah_ana هل يعقل كل ذا الرسايل ومحد يتواصل معي تلعبون علينا انتو,ar,[],[],[],0,0,0,[],[],https://twitter.com/toobe200/status/1261876787820351488,FALSE,,0
@iirk94 تلعبون معي قيم ببجي,ar,[],[],[],1,0,0,[],[],https://twitter.com/thame4261/status/1261598698854850560,FALSE,,0
شرايكم تجون تلعبون معي لودو ؟,ar,[],[],[],0,0,6,[],[],https://twitter.com/_mlli11/status/1261505037441929218,FALSE,,0
#مودرن_وارفير يعني ما ودكم تجون تلعبون معي ؟,ar,[],[],[],0,0,0,['مودرن_وارفير'],[],https://twitter.com/differ89/status/1261500817955307520,FALSE,https://twitter.com/differ89/status/1261476687683952649,0
يروحون متابعين... ويجون متابعين... تلعبون معي انتم... لعاد احد يجي قفلنا🤣🚶‍♀️,ar,[],[],[],0,0,0,[],[],https://twitter.com/95E__/status/1261482112944943104,FALSE,,0
اقسم بالله لو ماتجون تلعبون معي,ar,[],[],[],1,0,0,[],[],https://twitter.com/cqmsnqAm/status/1261364026560274434,FALSE,,0
شرايكم تلعبون معي فري فاير؟,ar,[],[],[],1,0,1,[],[],https://twitter.com/Am255_/status/1261119490030481409,FALSE,,0
بما اني فاضي ولا عندي اي شي اسويه شرايكم تلعبون معي لودو,ar,[],[],[],1,0,0,[],[],https://twitter.com/2met_s/status/1261109212098199552,FALSE,,0
اذا حملت لودو الجديده تلعبون معي ادق راسكم !؟,ar,[],[],[],3,0,0,[],[],https://twitter.com/m3kaaz/status/1261104372009885701,FALSE,,0
@Marya__6 بخيلكم تتأملون في ايكون اوڤر وانتم تلعبون معي ايبكس,ar,[],[],[],1,0,0,[],[],https://twitter.com/iScarlettFT/status/1261054214664486912,FALSE,,0
ترجمة | 200514  أحد النيڤرلاند شكر مييون على قيامها بـفتح VLive كثيرًا.  مييون : لا يجب أن تكون/ي شاكر/ة لي ، لأن الأمر ممتع بالنسبة لي إيضًا. أنتم إيضًا تلعبون معي عندما أشعر بالملل 🥺🤍.,ar,[],[],[],1,0,3,[],[],https://twitter.com/MiyeonArab/status/1261001819448324096,FALSE,,0
@CentrepointME سلام عليكم اللحين انتوا تلعبون ع الناس نطلب من المتجر ويجيني اشعار انها جاهزه للاستلام واروح فرعكم بستلمها ويقولي الموظف لاانتظر اتصال المندوب وتجي تاخذها انا لوبنتظر مندوب اخترت توصيل للمنزل وبعدين ليه بالموقع مبين معي جاهزه للاستلام ياموقعكم يكذب ياالموظف  #Centrepoint,ar,[],[],[],1,0,0,['centrepoint'],[],https://twitter.com/sosoee8/status/1260858423186542593,FALSE,,0
سلام عليكم اللحين انتوا تلعبون ع الناس نطلب من المتجر ويجيني اشعار انها جاهزه للاستلام واروح فرعكم بستلمها ويقولي الموظف لاانتظر اتصال المندوب وتجي تاخذها انا لوبنتظر مندوب اخترت توصيل للمنزل وبعدين ليه بالموقع مبين معي جاهزه للاستلام ياموقعكم يكذب ياالموظف  #Centrepoint,ar,[],[],[],0,0,0,['centrepoint'],[],https://twitter.com/sosoee8/status/1260857639879221248,FALSE,,0
@DIamondDalal ما فيه ليش ما تلعبون معي ؟,ar,[],[],[],1,0,0,[],[],https://twitter.com/iiFAiO/status/1260797384759664641,FALSE,,0
@WF9OS لا تلعبون معي هههههههههههههههههههههههههههههههههههههههههههه,ar,[],[],[],1,0,0,[],[],https://twitter.com/iihkeem/status/1260774527023419392,FALSE,,0
اعرض عليكم تلعبون معي لودو؟,ar,[],[],[],0,1,0,[],[],https://twitter.com/ll47__/status/1260754727597412352,FALSE,,0
اسمعو شرايكم تجون تلعبون معي ببجي ؟.,ar,[],[],[],1,0,7,[],[],https://twitter.com/4skyI/status/1260701750270537730,FALSE,,0
@Laghadl متى تلعبون معي,ar,[],[],[],1,0,0,[],[],https://twitter.com/wvvj_/status/1260626352551743490,FALSE,,0
@noon_cares نون نون ردو علي يا نون شحنتي وينهااااا!!!! امس تواصل معي مندوب وارسلت له اللوكيشن وبعد٧ ساعات قال لي بكرا بتوصل لك الطلبية مع مندوب آخر. وللحين المندوب الاخر م تواصل معي!!!!! تلعبون انتو ؟؟؟,ar,[],[],[],1,0,0,[],[],https://twitter.com/hhk7788/status/1260607245114585088,FALSE,,0
@NaqelCare توصلتو معي على  خاص قبل كم يوم بدون فايده  انتم تلعبون معانا ولا ايش بالضبط,ar,[],[],[],0,0,0,[],[],https://twitter.com/bajnaaid/status/1260459914402693125,FALSE,,0
@wed_196 ما تلعبون معي,ar,[],[],[],0,0,0,[],[],https://twitter.com/sulaiman_192/status/1260435234052587528,FALSE,,0
@skysalesonline اقسم بالله توبه اطلب منكم ، تعامل زي الزفت لي اكثر من اسبوعين طالبة وللان مارسلوا الشحنه من الاساس ابي الغي طلبي ورجعوا فلوسي ، وش هذا تلعبون علينا !! رجعوا فلوسي ماعاد ابي منكم شي ياليت احد منكم يتواصل معي لاني ادق وارسل ومحد يررررد,ar,[],[],[],0,0,2,[],[],https://twitter.com/x7h7x51/status/1260417270758719489,FALSE,,0
#لودو_الجديده تلعبون معي ! #يلا_لودو,ar,[],[],[],1,0,1,"['لودو_الجديده', 'يلا_لودو']",[],https://twitter.com/a_mii15/status/1260400227346976771,FALSE,,0
ماودكم تلعبون معي ببجي 👈🏻👉🏻,ar,[],[],[],0,0,0,[],[],https://twitter.com/heyimaleen/status/1260278896882311173,FALSE,,0
شرايكم تلعبون معي ببجي,ar,[],[],[],1,0,0,[],[],https://twitter.com/rrss27/status/1260072366048247809,FALSE,,0
شرايكم تلعبون ببجي معي ؟؟؟,ar,[],[],[],0,0,5,[],[],https://twitter.com/Seeuy7/status/1260009507897278464,FALSE,,0
يبوي كلكم كذابين عيال كلب وكلكم مؤقتين وكلكم أقدر ألعب فيكم كيرم وسحب عليكم فنصيحه لا تحطون راسكم براسي ولا تلعبون معي لاني والله ماني على قدكم ولو بس تحديتوني طيرتكم فلا تراهنون على بقاءكم مع شخص مكتفي بنفسه وبايع كلشي بزق,ar,[],[],[],0,0,12,[],[],https://twitter.com/zxur_/status/1259941292974407680,FALSE,,0
#لودو_الجديده للحين صاملين م تلعبون معي😂😂✌️✌️,ar,[],[],[],0,0,0,['لودو_الجديده'],[],https://twitter.com/a_mii15/status/1259713108928495616,FALSE,,0
ممكن تلعبون معي ؟  https://t.co/BDaFvseoCl,ar,[],[],['https://pbs.twimg.com/media/EXsFGZbXQAEorAA.jpg'],0,0,0,[],[],https://twitter.com/Feiitany/status/1259606135901949962,FALSE,,1
@smsaexpress @smsacare يومين ولا رديتو قسم لاامنشن على جميع الوزاره لين اخذ حقي منكم والوعد من الحين استمتعو بالمنشن لين تجيبون اغراضي مابي احد يتواصل معي الا هو بيوصلها ام مندوب من عندكم يقولي مو منطقتي  انا مني مسئول ولا تعال استلم الشحنه وقيمه التوصيل إلى اخذتو تلعبون على الناس انتو @nazaha_gov_sa,ar,"[{'screen_name': 'nazaha_gov_sa', 'name': 'هيئة الرقابة ومكافحة الفساد', 'id': '522071052'}]",[],[],0,0,0,[],[],https://twitter.com/bandaralbreeh/status/1259498869907501060,FALSE,,0
@eXtraStores الى الان ماحد تواصل معي وربي تلعبون ولا تلعبون تواصلت خاص ماحد تواصل معي,ar,[],[],[],0,0,0,[],[],https://twitter.com/N9Nno/status/1259444180394401792,FALSE,,0
تلعبون معي لودو؟,ar,[],[],[],0,0,2,[],[],https://twitter.com/ilxc15/status/1259348046409842689,FALSE,,0
وش ذا لازم انشره بكل الهاشتقات علشان تلعبون معي 🥺  #بن_قاسم  https://t.co/B3Ef1hQ0qR,ar,[],[],['https://pbs.twimg.com/media/EXm6FZXWkAMbaoh.jpg'],0,0,0,['بن_قاسم'],[],https://twitter.com/as9hwaq/status/1259242181669371909,FALSE,,1
@cTAEF لو ما تلعبون معي اليوم,ar,[],[],[],1,0,0,[],[],https://twitter.com/Timaary/status/1259206339978543109,FALSE,,0
تلعبون معي انا وجدتي 😋  https://t.co/3ExuyyBTrf,ar,[],[],"['https://pbs.twimg.com/media/EXmVbQNXYAUA99t.jpg', 'https://pbs.twimg.com/media/EXmVbQKWoAAI7rj.jpg']",17,0,5,[],[],https://twitter.com/_elll8/status/1259201878698721280,FALSE,,1
@bvb_1007 @iosama_1996 @HaythamCFC سمحت لكم تلعبون معي وارتفع طموحكم انكم تقيموني ياساتر !!,ar,[],[],[],0,0,0,[],[],https://twitter.com/imo_1996/status/1258918388555972608,FALSE,,0
@Vvil58 @sevenirx خلاص خلاص اسحبو عليها تلعبون معي؟,ar,[],[],[],0,0,1,[],[],https://twitter.com/Maybeme____/status/1258858599402651649,FALSE,,0
@gumincci ابشري بحملها و اعلمكم تلعبون معي 🥺💜,ar,[],[],[],1,0,0,[],[],https://twitter.com/sooaskytoy/status/1258755177185783808,FALSE,,0
عادي تلعبون معي؟👈🏻👉🏻  https://t.co/OjcEAJb5c4,ar,[],[],['https://pbs.twimg.com/media/EXfpPtrXQAMesGu.jpg'],0,0,0,[],[],https://twitter.com/rdnvve/status/1258731085313257477,FALSE,,1
تلعبون معي لودو 🤪🤪,ar,[],[],[],5,0,0,[],[],https://twitter.com/_elll8/status/1258580592817582080,FALSE,,0
ممكن تلعبون معي لودو لانو اليوم مالعب ابدا ابدا 😞😞😞😞,ar,[],[],[],0,0,1,[],[],https://twitter.com/ll8xq/status/1258579949654626309,FALSE,,0
صدق اكره اَي احد يزعلها لا تلعبون معي بموضوع يخصها شياطيني تقوم,ar,[],[],[],0,0,0,[],[],https://twitter.com/HYUSLIX/status/1258515691008700417,FALSE,,0
@a__ag22 @aa_dd9 @amjh_68 @jaber_1414 @fares_albashiri يالله باي فتحت السونني بلعب  نصيحه في لعبه طايره انصحكم تلعبونها  تلعبون معي اون لاين؟,ar,[],[],[],1,0,0,[],[],https://twitter.com/knd_osh/status/1258496336359575566,FALSE,,0
المعذره حبايبي ادري متلهفين تلعبون معي على احر من الجمر لكن تعبان بنام تفاهمو مع مدير اعمالي @canopusVI وعطوه الاوقات الجديده عشان يسوي لها جدول جديد وبس حبايبي,ar,"[{'screen_name': 'canopusvi', 'name': 'خويش ྈྈᴵᴵᴵع.ش', 'id': '3291247202'}]",[],[],0,1,1,[],[],https://twitter.com/Varusva/status/1258436328691240961,FALSE,,0
@eeik45__ @SO0MH23 @lIlIIIllIlI بنات تلعبون معي بدون مايكات عادي؟,ar,[],[],[],1,0,0,[],[],https://twitter.com/Khalid92529/status/1258358248018673665,FALSE,,0
#السيزون_الجديد شرايكم تجون تلعبون معي مسكين انا 😂😂😂,ar,[],[],[],0,0,0,['السيزون_الجديد'],[],https://twitter.com/taguz00/status/1258354616204439552,FALSE,,0
ترا انا اللعب ببجي وكود ف عادي تلعبون معي معندكم عذر,ar,[],[],[],0,0,0,[],[],https://twitter.com/icvwl/status/1258145507412762625,FALSE,,0
حطينها لنا ادوار وقاعدين نلعب سترينجر ثينقز تبغون تلعبون هاري بوتر معي؟  https://t.co/aMszYGbcAs,ar,[],[],['https://pbs.twimg.com/media/EXWxzKbVcAI6MTI.jpg'],3,0,1,[],[],https://twitter.com/Liill15/status/1258107171868475392,FALSE,,1
@eXtraStores شهر مااحد تواصل معي تلعبون على مين,ar,[],[],[],0,0,0,[],[],https://twitter.com/ZoozaAlzahrani/status/1258090248338321408,FALSE,,0
شرايكم تلعبون معي ببجي 😔,ar,[],[],[],4,0,1,[],[],https://twitter.com/_12IlU/status/1257897004056948736,FALSE,,0
@Butiafraid @mniwmmio وانا!! دامكم تتجمعون الصبح ليه ما تلعبون معي!!,ar,[],[],[],1,0,0,[],[],https://twitter.com/youngwildblue/status/1257557303454244866,FALSE,,0
يلعن ام الطفش كلكم تلعبون لودو ومخليني تعالوا العبوا معي,ar,[],[],[],0,0,3,[],[],https://twitter.com/whonawaf_/status/1257500816799404038,FALSE,,0
@BIGMOM1411 اللي كانو تلعبون معي كان عندي لاق او لا ؟  @34baoe @ebliae,ar,"[{'screen_name': '34baoe', 'name': '34baoe gamer ✊❤', 'id': '1035119215714426882'}]",[],[],3,0,0,[],[],https://twitter.com/mohammed_oden/status/1257468974201217032,FALSE,,0
@Saco_KSA @nmaxxa @sacocares هذا الحساب اللي حاطينه لي يومين محد رد علي 😡 تلعبون ع الناس انتم تاخذون فلوسهم  انا لي 12 يوم محد تواصل معي  ما ادري متى توصل طلبيتي ؟؟؟ ان شاءالله ابلغ عليكم وزاره التجارة,ar,[],[],[],0,0,0,[],[],https://twitter.com/jojobarca26/status/1257375460616540161,FALSE,,0
@Aramex @Aramex_KSA اقسم الله إنكم اسوء شركة واسوء شيء تواصل معي المندوب وارسلت له الموقع على أساس يجيني ولا جاء ولاشيء وكتب العميل غير متاح وانا ارسله بعدها ولا يرد حسبي الله ونعم الوكيل والله لايوفقه المندوب الي قاعد يلعب على الناس ياخي اذا ماتوصلون للبيت ليه تلعبون علينا,ar,"[{'screen_name': 'aramex_ksa', 'name': 'aramex ksa', 'id': '937693396302516228'}]",[],[],0,0,0,[],[],https://twitter.com/nfc1955_Z/status/1257369641594339330,FALSE,,0
@Aramex_KSA اقسم الله إنكم اسوء شركة واسوء شيء تواصل معي المندوب وارسلت له الموقع على أساس يجيني ولا جاء ولاشيء وكتب العميل غير متاح وانا ارسله بعدها ولا يرد حسبي الله ونعم الوكيل والله لايوفقه المندوب الي قاعد يلعب على الناس ياخي اذا ماتوصلون للبيت ليه تلعبون علينا من البداية,ar,[],[],[],1,0,1,[],[],https://twitter.com/nfc1955_Z/status/1257319740718018563,FALSE,,0
دامكم صاحين ليه م تلعبون معي 😔,ar,[],[],[],7,0,9,[],[],https://twitter.com/vi_ii4/status/1257225337466957825,FALSE,,0
تبون تلعبون معي ؟,ar,[],[],[],0,0,1,[],[],https://twitter.com/p8iq_/status/1257152890155794439,FALSE,,0
انتم ثنين تلعبون معي؟  https://t.co/ENXuyaLnKk,ar,[],[],['https://pbs.twimg.com/media/EXIf3kQWkAEgHBP.jpg'],1,0,0,[],[],https://twitter.com/BoyinFinalSpace/status/1257102295705288711,FALSE,https://twitter.com/BoyinFinalSpace/status/1257100503495958528,1
تلعبون معي ولا انام؟,ar,[],[],[],1,0,0,[],[],https://twitter.com/Md_alq/status/1256819444862652416,FALSE,,0
@Aramex وش الكلام هذا المندوب لم يتواصل معي و يجيني انه لم تتم محاولة التوصيل بنجاح ... تلعبون علينا انتم !!!!!!  https://t.co/yHEN0YZwXL,ar,[],[],['https://pbs.twimg.com/media/EXCOzDGWkAEOh8k.jpg'],0,0,0,[],[],https://twitter.com/NaifBinD7om/status/1256661312333139969,FALSE,,1
ما بالكم لا تكونون صريحين! لماذا تلعبون معي لعبة القط والفأر؟ حقا إن هذا لمن قلة الأدب ولعلّني لن أسمح بهذا بعد الآن!...لسوف أنهض واقفاً فأرميكم بالحقيقة كلها صفعا على وجوهكم ولسوف يرون عندئذٍ مدى الاحتقار الذي أحمله لهم!  #دوستويفسكي #الجريمة_والعقاب,ar,[],[],[],0,0,1,"['دوستويفسكي', 'الجريمة_والعقاب']",[],https://twitter.com/Mohamed_Nady32/status/1256655691999252481,FALSE,,0
@iYeeec_ @i_zh7 ليش ماتجون تلعبون معي انا واخوي بوتات تعالوا,ar,[],[],[],0,0,0,[],[],https://twitter.com/OfficilM0R/status/1256630469036138496,FALSE,,0
ماودكم تلعبون معي ببجي؟  https://t.co/XfCGkjQprQ,ar,[],[],['https://pbs.twimg.com/media/EW-CNjCWkAEaNQu.jpg'],2,0,0,[],[],https://twitter.com/_Ier9/status/1256365998048972802,FALSE,,1
انتو خير ما صرتو تلعبون معي ؟,ar,[],[],[],0,0,1,[],[],https://twitter.com/ixiAziz/status/1256287910501986309,FALSE,https://twitter.com/ixiAziz/status/1256283314329137152,0
@azo77azo77 @WhiteLightcup1 تلعبون معي وديه..؟,ar,[],[],[],1,0,0,[],[],https://twitter.com/D9jP6Qp7JfDk1de/status/1256284224912535553,FALSE,,0
يللا تلعبُون معي ببُجي؟.,ar,[],[],[],0,0,2,[],[],https://twitter.com/na1io/status/1256049587497943041,FALSE,,0
لقيت لعبه تجنننن مرهههه انمي و تسوين الشخصيه حقتك و فيه خيارات كثيررر بس عشانكم ما تلعبون معي ما بعطيكم😈,ar,[],[],[],3,0,0,[],[],https://twitter.com/voanst/status/1256018265815605248,FALSE,,0
تلعبون معي لودو ولا تخافون اجلدكم؟,ar,[],[],[],9,0,0,[],[],https://twitter.com/_i3llli/status/1256010557351776257,FALSE,,0
لا تلعبون معي فأنا منذ طفولتي آگسر ألعابي بيدي 💔,ar,[],[],[],0,0,2,[],[],https://twitter.com/moayd_aldulaim/status/1256010308478554124,FALSE,,0
@iicolderii @iamN_95 اي معي بس انتم الي تلعبون على 1000و2000  https://t.co/qQLjwXjXCA,ar,[],[],['https://pbs.twimg.com/media/EW4VJZlWkAAcLvX.jpg'],1,0,0,[],[],https://twitter.com/3fooo60/status/1255964617068724225,FALSE,,1
#القائد  ينادي ابني المعتصم وعمره ست سنوات إخوانه الكبار بهذا   ياشباب هيا تلعبون( معي) قلت؛  لازلت أقول  القيادة فطرة تتطور مع التجارب،،  #تطوير_الذات  #درر  #ابوالمثنى,ar,[],[],[],1,0,1,"['القائد', 'تطوير_الذات', 'درر', 'ابوالمثنى']",[],https://twitter.com/oransgroup/status/1255895636253315072,FALSE,,0
طفش شرايكم تلعبون معي لودو؟,ar,[],[],[],0,0,1,[],[],https://twitter.com/AF03l/status/1255635630723399681,FALSE,,0
ياشركة موبايلي تلعبون معي البسة و الفار كيف تقولون سدد و يشتغل الخط و ما يشتغل و مرة تقولون نتواصل معاك و لم يتم التواصل كل ما اكلم 1100 تقولون نرفع لك ايميل ولم توصلون لحل هل انتم جهله ام تحسبون المواطن مغفل راح ارفع شكوى للهيئة الاتصالات تشوف معكم حل,ar,[],[],[],0,2,1,[],[],https://twitter.com/511qwe511/status/1255576305162162177,FALSE,,0
يابنات تلعبون معي اسم العبه جلسه,ar,[],[],[],0,0,6,[],[],https://twitter.com/ooo0oo4/status/1255190312206696453,FALSE,,0
تجون تلعبون معي لودو القديمه🙈؟,ar,[],[],[],3,0,10,[],[],https://twitter.com/iovcx1/status/1254955693368659969,FALSE,,0
الخاص عندي كله روابط اختراق هل انتم مغفلين تلعبون معي اكثر من 21 رساله ي بهايم تحاولون سوقونها علي يعني تعقبووووون  https://t.co/j3nFxq0qO8,ar,[],[],['https://pbs.twimg.com/media/EWpn4bQWsAA8HDk.jpg'],0,0,0,[],[],https://twitter.com/hilali_7770/status/1254929679817027586,FALSE,,1
تعالوا تلعبون معي ببجي ؟؟؟ بموت غبنه كان عندي مهمه المهم وجاء واحد ذبحني من وراء واحسسسسسسسسسسسسسسس 😭😭💔💔💔💔💔💔😂💔💔💔💔💔💔💔💔💔💔💔💔💔💔💔💔💔💔💔💔💔💔💔💔💔💔💔💔💔,ar,[],[],[],0,0,1,[],[],https://twitter.com/yyxx_1/status/1254908492332310530,FALSE,,0
تلعبون معي ببجي ):,ar,[],[],[],0,0,0,[],[],https://twitter.com/_jkxst/status/1254900552363921411,FALSE,,0
@iiRoudy تلعبون معي؟,ar,[],[],[],0,0,0,[],[],https://twitter.com/DeBeastFTW/status/1254811730527629313,FALSE,,0
#ببجي🤭😊حياگم .. تقدرون تلعبون معي !! حسابي  ارنگ'  https://t.co/riuAUXUgdO,fa,[],[],['https://pbs.twimg.com/media/EWnuFAEXgAgfgiT.jpg'],0,0,0,['ببجي'],[],https://twitter.com/a7_112/status/1254795750531366916,FALSE,,1
ترا عادي تلعبون معي كود !,ar,[],[],[],4,0,1,[],[],https://twitter.com/IbraTurtle/status/1254753116664270850,FALSE,,0
يعني ليه كذا تلعبون معي مره ١٩٩ مره ٢٠٠ مره ١٩٩ مره استغفر اللههه,ar,[],[],[],0,0,0,[],[],https://twitter.com/nora_h98/status/1254641804076552192,FALSE,,0
تلعبون معي فورت ولا اعصب؟,ar,[],[],[],3,0,7,[],[],https://twitter.com/PartClown/status/1254604406345121793,FALSE,,0
@8ii2002 ليه ما تلعبون معي 😡,ar,[],[],[],1,0,0,[],[],https://twitter.com/zoyaugh/status/1254598340379017216,FALSE,,0
@DexSAiF_ لو اني مثلكم مدمن التمتيم وغيرها كان جبتها 20 مره لاني متاكد اني بجلدكم لو تلعبون معي 😎,ar,[],[],[],0,0,0,[],[],https://twitter.com/sall_fcb/status/1254580392729985024,FALSE,,0
متى تلعبون معي لودو؟,ar,[],[],[],1,0,0,[],[],https://twitter.com/ll8xq/status/1254573684460847104,FALSE,,0
@Anefabanomai @saudipost @SaudiPost_Care خلال ساعات بيتوتصل معي والحين محد تواصل او تجاوب مع البلاغات حسبي الله عليكم تلعبون بأعصاب الناس  https://t.co/DuPmYbiC67,ar,"[{'screen_name': 'saudipost', 'name': 'البريد السعودي', 'id': '129731515'}, {'screen_name': 'saudipost_care', 'name': 'خـ ـدمـ ـة ا لـ عـ ـمـ ـلا ء', 'id': '323335555'}]",[],['https://pbs.twimg.com/media/EWjtSA6XsAIxfVO.jpg'],1,0,0,[],[],https://twitter.com/fahad_321f/status/1254513397728718850,FALSE,,1
الو تلعبون معي لودو ؟,ar,[],[],[],2,0,3,[],[],https://twitter.com/ii_w54/status/1254463393534279681,FALSE,,0
تلعبون معي ولا اروح كود؟؟؟,ar,[],[],[],1,0,0,[],[],https://twitter.com/Em2dV/status/1254224756485865475,FALSE,,0
@laeshaii لا اقصد احط لكم رابط وتجون تلعبون معي,ar,[],[],[],0,0,0,[],[],https://twitter.com/Dalo091_/status/1254169360505151494,FALSE,,0
تلعبون معي ولا لا؟,ar,[],[],[],1,0,1,[],[],https://twitter.com/vnrs7/status/1253779502372655112,FALSE,,0
@clo554 @uvia77 تلعبون معي,ar,[],[],[],0,0,0,[],[],https://twitter.com/Et7Lif/status/1253581568125345793,FALSE,,0
@MO4SUF @gerr8d انا ماني متحملكم الا علشان تلعبون معي كود  وش الافتارات السيئه هذي!!,ar,[],[],[],2,0,0,[],[],https://twitter.com/Tariqsaud5/status/1253412714526806018,FALSE,,0
تلعبون معي ببجي؟,ar,[],[],[],1,0,0,[],[],https://twitter.com/Thedevil_30/status/1253295906071482368,FALSE,,0
ممكن تلعبون معي ببجي👈🏻👉🏻,ar,[],[],[],1,0,4,[],[],https://twitter.com/lomlte/status/1253195980037672960,FALSE,,0
ليه ما تبون تلعبون معي  https://t.co/2lJoi3eisa,ar,[],[],['https://pbs.twimg.com/media/EWO94uGX0AI5-1R.jpg'],1,0,3,[],[],https://twitter.com/1ilob/status/1253053910060802049,FALSE,,1
@March9l1 روم تلعبون معي,ar,[],[],[],1,0,0,[],[],https://twitter.com/0ylmS9GEwPJF9IX/status/1253022430068645896,FALSE,,0
أصدقاء الاكسبوكس اذا منتم ناوين تلعبون سلسلة ياكوزا اقطعوا علاقتكم معي 😠😠😠😠,ar,[],[],[],2,0,0,[],[],https://twitter.com/AwaySoul/status/1253021070367633416,FALSE,,0
#لودو_الجديده تلعبون معي ولا ارجع انام؟,ar,[],[],[],1,0,0,['لودو_الجديده'],[],https://twitter.com/a_mii15/status/1252858035883532288,FALSE,,0
وش رايكم تلعبون معي لو خيروك؟,ar,[],[],[],1,0,2,[],[],https://twitter.com/GiginJunguoo/status/1252647849348734984,FALSE,,0
شرايكم تجون تلعبون معي لودو عشان مااصيح من الطفش(:!,ar,[],[],[],0,0,3,[],[],https://twitter.com/ASammiri/status/1252566279023714305,FALSE,,0
@wliose ايه والله شسمه متى تلعبون كود معي ياسحبات,ar,[],[],[],1,0,0,[],[],https://twitter.com/i25h_/status/1252475175532212224,FALSE,,0
تلعبون معي طاخ طيخ.  https://t.co/wrtm6hxW2c,ar,[],[],['https://pbs.twimg.com/media/EWEglLQWsAUvQGo.jpg'],1,0,0,[],[],https://twitter.com/FET_10/status/1252318017209241600,FALSE,,1
لو احمل اونو تلعبون معي؟,ar,[],[],[],0,0,0,[],[],https://twitter.com/A9eelRm/status/1252315353197228033,FALSE,,0
ماودكم تلعبون معي؟🙎🏿‍♂️,ar,[],[],[],1,0,0,[],[],https://twitter.com/Abdull2hv/status/1252314780334948352,FALSE,,0
@JahezApp @r73410 للأسف انا صارت معي نفس الحركة بس ماترجعون الريال لا تلعبون عالعملاء هذه اسمها سرقه عيني عينك وانا رح ارفع شكوى لوزارة التجارة مع العلم اني دخلت وشيكت عالبنك قبل لا أكتب تغريداتي وتأكدت ان الريال يسحب ولا يعاد,ar,[],[],[],1,0,0,[],[],https://twitter.com/Mbmy17938348/status/1252230074335522816,FALSE,,0
شرايكم تلعبون معي ):,ar,[],[],[],0,0,1,[],[],https://twitter.com/jrr7ii/status/1252127200289177600,FALSE,,0
@zakiax1999 ترا هالاسلوب متبعينه مع بنت اخوي اذا اخذنا منها شي قلنا نبغا كله وترفض وتقسمه صح يخلي الطفل عنيد وخاصه اذا بنت بس انو يعلمه محد ياخذ حقه اذا كبر الحين صح انها نتفه بس يويلي اللي ياخذ لها شي او يقرب لألعابها تلعبون معي تاكلون بس م تاخذون كل شي مني,ar,[],[],[],0,0,0,[],[],https://twitter.com/null1u/status/1252102065821712384,FALSE,,0
@fayez_malki تلعبون معي فيفا مواسم؟؟؟؟,ar,[],[],[],0,0,0,[],[],https://twitter.com/iD7OM_i/status/1252062424980692997,FALSE,,0
لا تـلعـبون مـعـي لعـعبـةه الـتجاهـل فـ انا اخـتصـاصـي نسيـان الـبشر🖤🌪,ar,[],[],[],0,0,0,[],[],https://twitter.com/smh_53/status/1251971398525952001,FALSE,,0
@mimo__305 😍تلعبون معي,ar,[],[],[],1,0,0,[],[],https://twitter.com/Hag12ar/status/1251924685589225473,FALSE,,0
@BabyshopArabia اذا مااتواصلتوا معي راح اشتكي لوزارة التجاره كيف كذا تلعبون ع الناس تاخذون المبلغ وماتوصلون الطلب,ar,[],[],[],0,0,0,[],[],https://twitter.com/B1412Meme/status/1251842871835136000,FALSE,,0
اساسا مو من زين لعبتكم يوم ما تلعبون معي,ar,[],[],[],0,0,0,[],[],https://twitter.com/MeshaalSou/status/1251774314598318081,FALSE,,0
الو تلعبون معي لعبه الرسم؟,ar,[],[],[],0,0,1,[],[],https://twitter.com/WaadFN_/status/1251292219409039360,FALSE,,0
اذا ما تبون تلعبون معي على الاقل سولفو معي ترا الوضع حددددده يطفش,ar,[],[],[],0,0,0,[],[],https://twitter.com/Qandilji/status/1251287183559966727,FALSE,,0
@Fwd_frd أحد أصدقائي يقول أول سنة تعلمت سياقة السيارة بالمرحلة المتوسطة ركبت معي أمي لتقضي حاجة وصادف أن الوقود شارف على الإنتهاء فوقفت لأتزود من الوقود وبعد تعبئة الوقود طلب العامل مبلغ فقامت أمي تماكس العامل في الثمن والعامل كاد يُغشى عليه من الضحك وهي تقول (علشانه صغير تلعبون عليه).,ar,[],[],[],1,0,2,[],[],https://twitter.com/abd_azez10/status/1251272295932399623,FALSE,,0
اذكر اول ما وصلت الهند واذن الظهر ساعه ١٢ قمت وصلت والا اسمع اذان ثاني بساعه ١ وصليت وبعدها يوم صارت ١:٣٠ سمعت اذان ثالت انصدمت و روحت عند اخوي اقول خير تلعبون معي كم مرا صليت ! يقول كذا الهند كل حاره تاذن بوقت وانتي خليك مع اقرب لنا وامشي معه 🌚🌚🌚🤷‍♂️,ar,[],[],[],3,1,0,[],[],https://twitter.com/ik_jn7/status/1251233092414648328,FALSE,https://twitter.com/9loooh_18/status/1251190271066415111,0
اتمنى تجون تلعبون معي كود,ar,[],[],[],0,0,1,[],[],https://twitter.com/isalxeh/status/1251210362873094145,FALSE,,0
انا مدري وش بستعمل معكم بعد الحظر شكلي ببتزكم بصوركم تلعبون معي ولا كيف.  https://t.co/z5MpUZyCLv,ar,[],[],"['https://pbs.twimg.com/media/EVx-mcPXgAMJyY3.jpg', 'https://pbs.twimg.com/media/EVx-mcXXkAAbWwg.jpg']",0,0,2,[],[],https://twitter.com/algaarny140/status/1251014010109124612,FALSE,https://twitter.com/bb_1944/status/1250982327104176128,1
تلعبون معي ببجي,ar,[],[],[],3,0,22,[],[],https://twitter.com/M__hr0/status/1250915204784893953,FALSE,,0
تلعبون معي #لودو,ar,[],[],[],0,1,0,['لودو'],[],https://twitter.com/zoman111/status/1250903502391566345,FALSE,,0
حتى ماتبون تلعبون معي يالحوج ياكريهين وع,ar,[],[],[],0,0,0,[],[],https://twitter.com/MA96_2/status/1250869466893889538,FALSE,,0
@j__0__j__0 تلعبون معى ظافر عادي 😅😅,ar,[],[],[],0,0,0,[],[],https://twitter.com/Y20892465/status/1250850108234743808,FALSE,,0
@fastlo ياخي انتم وش سالفتكم ماتردون على خدمة العملاء ولاتفيدوني هنا ، انتم شركة شحن ولا تلعبون على الناس اذا ماتواصلتوا معي راح ارفع فيكم شكوى للجهة المختصة,ar,[],[],[],0,0,0,[],[],https://twitter.com/i89h/status/1250786155379003393,FALSE,,0
@Hade_AlEnezi تبون تلعبون لودو معي؟,ar,[],[],[],0,0,0,[],[],https://twitter.com/i3ra7/status/1250629261368705025,FALSE,,0
تلعبون ببجي معي الصبح ؟.,ar,[],[],[],0,0,2,[],[],https://twitter.com/io49_/status/1250555061207552003,FALSE,,0
لو احمل اونو تلعبون معي؟,ar,[],[],[],1,0,0,[],[],https://twitter.com/A9eelRm/status/1250510557532368897,FALSE,,0
@1_lliiii تلعبون معي فيفا مواسم 🌚💙,ar,[],[],[],1,0,0,[],[],https://twitter.com/iD7OM_i/status/1250207748123484161,FALSE,,0
وكل ما جا لعب معي واحد وشافني ولد طلع، kس وجهك انت وياه جاين تلعبون ولا تشبكون,ar,[],[],[],0,0,0,[],[],https://twitter.com/between_the1/status/1250160402064965633,FALSE,,0
احسن من قالكم ما تلعبون معي  https://t.co/aw2YOMfrg1,ar,[],[],"['https://pbs.twimg.com/media/EVkqVDlXQAEqrwU.jpg', 'https://pbs.twimg.com/media/EVkqVDkWAAAkWat.jpg']",1,0,0,[],[],https://twitter.com/azyezll/status/1250076921863516162,FALSE,,1
تلعبون معي قيم لودو ولا اروح العب لحالي ؟,ar,[],[],[],3,0,0,[],[],https://twitter.com/rzlll0/status/1249931369314123781,FALSE,,0
صاحين تلعبون معي لودو ؟,ar,[],[],[],1,0,0,[],[],https://twitter.com/runaway_011/status/1249866512455868416,FALSE,,0
تلعبون معي ؟,ar,[],[],[],0,0,6,[],[],https://twitter.com/1pzx1/status/1249845569578840065,FALSE,,0
@Somvyv تلعبون معي بلوت؟,ar,[],[],[],1,0,0,[],[],https://twitter.com/2met_s/status/1249748017600700416,FALSE,,0
تلعبون معي لودو 🙊؟,ar,[],[],[],2,0,5,[],[],https://twitter.com/1V1P_/status/1249641651770929153,FALSE,,0
@Imashikyo  @mingisminee  @rosewros  تلعبون معي,ar,"[{'screen_name': 'rosewros', 'name': 'بِ بُ', 'id': '1318166998258536448'}]",[],[],1,0,0,[],[],https://twitter.com/beomieshy/status/1249544399832391681,FALSE,,0
@1ireetsa امي تلعب كيرم لحالها تقول اتدرب واذا جيتو تلعبون معي تعرفون اني فايزة بسبب الممارسة مو بالغش,ar,[],[],[],1,0,0,[],[],https://twitter.com/noura_wx/status/1249538720698634241,FALSE,,0
المهم خلونا من التعب وكثر التفاكير شرايكم تلعبون معي لودو؟,ar,[],[],[],0,0,1,[],[],https://twitter.com/_a7xk/status/1249500606559068166,FALSE,,0
@stc_ksa تواصل معي واحد من stc  وقال للحين مانزلت وش السالفه تلعبون علينا زين من التطبيق يرسلون لك الشريحه وانتم باقي,ar,[],[],[],0,0,0,[],[],https://twitter.com/fars838/status/1249500175246274560,FALSE,,0
تلعبون لودو معي ع ١٠k,ar,[],[],[],2,0,0,[],[],https://twitter.com/illwx1/status/1249443959987937280,FALSE,,0
@Mobily1100 حسبي الله عليكم موبايلي كم بهذلتوني  خسارة فلوس النت اللي ادفعها وعلى الخاص تلعبون بي سوي كذا وادخلي الرابط ومانفع معي شي الا نت سئ جدا جدا كيف الاختبارات ومراجعة الدراسة ايش الحل معاكم,ar,[],[],[],0,0,0,[],[],https://twitter.com/sendrella2012/status/1249035677892784129,FALSE,,0
@w99wtot قل لهـم   ( لا تلعبون معي لعبه التجاهل فانا اختصاصي نسيان البشر ) 👻,ar,[],[],[],0,2,17,[],[],https://twitter.com/ash8m/status/1249020057985978375,FALSE,,0
@Fdmdeni لين تلعبون معي,ar,[],[],[],0,0,0,[],[],https://twitter.com/Suramo_/status/1248920512782372867,FALSE,,0
ي تجون تسولفون معي ي تجون تلعبون معي اهمشي تنسوني الضيم لان تكه واضيم صدق ههههههههههههههههههههههههههههه,ar,[],[],[],0,0,5,[],[],https://twitter.com/ixlto/status/1248866071089745920,FALSE,,0
@AziizLover_ @iFalcon10 وش رايكم تلعبون معي,ar,[],[],[],1,0,0,[],[],https://twitter.com/lrm714/status/1248746621199880192,FALSE,,0
@Lord7us يارجال والله انكم زبالين ماعاد تلعبون معي,ar,[],[],[],0,0,0,[],[],https://twitter.com/Os78/status/1248736642363514880,FALSE,,0
بقترح عليكم اقتراح وهو انه تلعبون معي تسولفون معي والقرار لكم,ar,[],[],[],2,0,1,[],[],https://twitter.com/prettysoulil/status/1248729709816537088,FALSE,,0
تلعبون معي لودو؟,ar,[],[],[],0,0,0,[],[],https://twitter.com/1Thesara_/status/1248671011253485568,FALSE,,0
@eXtraStores اشتريت تلفزيون من عندكم وخربت شاشة مو كمل حتى شهر  ايش هدا تلعبون على زبائن. ولما ادق عليكم ولا اخد يتوصل معي ولا احد يرد علي,ar,[],[],[],0,0,0,[],[],https://twitter.com/evachik2/status/1248643702660239360,FALSE,,0
#ببجي  تجون تلعبون معي ولاازعل :(,ar,[],[],[],1,0,1,['ببجي'],[],https://twitter.com/vilrxm/status/1248574944931467264,FALSE,,0
@iireen9 عاد تكفون تلعبون زين زقت معي من البوتات 💔,ar,[],[],[],0,0,0,[],[],https://twitter.com/nxa89_/status/1248522116191879168,FALSE,,0
واللهي انا اقول لو تجون تلعبون معي,ar,[],[],[],0,0,0,[],[],https://twitter.com/liiibv_/status/1248418737604022276,FALSE,,0
شرايكم تلعبون معي لودو,ar,[],[],[],1,0,1,[],[],https://twitter.com/W1qr1/status/1248396910831886338,FALSE,,0
تجون تلعبون معي لودو القديمه🙈؟,ar,[],[],[],2,0,9,[],[],https://twitter.com/iovcx1/status/1248129403336433665,FALSE,,0
يلا بحمل ببجي أتمنى تلعبون معي 😔,ar,[],[],[],3,0,0,[],[],https://twitter.com/3lool2/status/1247839925044744192,FALSE,,0
تلعبون معي لودو ؟ 🚶🏼‍♂️,ar,[],[],[],0,0,0,[],[],https://twitter.com/0Amer1412/status/1247758869259935746,FALSE,,0
حقين لودو مالكم حق ما تلعبون معي ترا 😔😔.,ar,[],[],[],0,0,2,[],[],https://twitter.com/xflij/status/1247746719434981377,FALSE,,0
اساطير هالوقت تلعبون معي ببجي؟,ar,[],[],[],0,0,6,[],[],https://twitter.com/bh6lll/status/1247719051478122497,FALSE,,0
تعالو تلعبون معي الودو؟,ar,[],[],[],1,0,5,[],[],https://twitter.com/9uiillr/status/1247701342187139073,FALSE,,0
@kazom_9a9 كنت اسألكم عشان تلعبون معي مو عشان تسبوني💔  https://t.co/vdRSV3B6XC,ar,[],[],['https://pbs.twimg.com/media/EVCIwMgXQAMm91v.jpg'],1,0,3,[],[],https://twitter.com/sj269s/status/1247647461210034180,FALSE,,1
لو احمل لودو تلعبون معي؟,ar,[],[],[],2,0,0,[],[],https://twitter.com/t_turki2000/status/1247492774976524288,FALSE,,0
ما فيه لعبه زي كملنا يمدينا نفتح فيها صفحة وتدخلون معي تلعبون بلوت بدون اشتراك ؟,ar,[],[],[],12,0,4,[],[],https://twitter.com/stoplovemeplase/status/1247460402088288256,FALSE,,0
شرايكم تلعبون معي ببجي,ar,[],[],[],0,0,0,[],[],https://twitter.com/lcubeer/status/1247283368615608321,FALSE,,0
تبون تلعبون معي كيرم  https://t.co/GP83ds3pRz,ar,[],[],['https://pbs.twimg.com/media/EU8xKueXkAYmv-N.jpg'],0,0,0,[],[],https://twitter.com/Nas_3s/status/1247269689455259649,FALSE,,1
@b3__b وناسه تلعبون معي😂😂@ahf305 @M268R @m91ht @_a282x @iJ72x @2llvk @aaldosari2x,ar,"[{'screen_name': 'ahf305', 'name': 'علي الميّموني #a2', 'id': '1198399431399358464'}, {'screen_name': 'm91ht', 'name': '𝔸 🦅 | فولوباك🕺🏽.', 'id': '1228782319303057410'}, {'screen_name': '_a282x', 'name': 'عبدالرزاق العنزي➰', 'id': '897945459460898816'}, {'screen_name': 'ij72x', 'name': '𝐿𝑒𝑧𝐺𝑒𝑟𝑦♪', 'id': '2164538085'}, {'screen_name': '2llvk', 'name': '🦉🖤', 'id': '1036876901548285952'}, {'screen_name': 'aaldosari2x', 'name': 'مبارك الدوسري 🇰🇼.', 'id': '1913977472'}]",[],[],4,0,1,[],[],https://twitter.com/Falanezi98/status/1247163797300588550,FALSE,,0
تلعبون معي لودو؟.,ar,[],[],[],2,0,3,[],[],https://twitter.com/FET_10/status/1246774985710096384,FALSE,,0
الحين ليش ما تلعبون معي لودو؟ والا عشاني فقيرة؟,ar,[],[],[],0,0,1,[],[],https://twitter.com/BUTH00/status/1246757449551544321,FALSE,,0
@Aramex طلبيتي لهذا الوقت لا احد يتواصل معي ولا وصلتني الحل يعني ندفع فلوس نجلس تلعبون فيني ليش,ar,[],[],[],0,0,0,[],[],https://twitter.com/VKOOvDXwG3qzJak/status/1246742264136830977,FALSE,,0
تلعبون ببجي انا بطران معي فلوس كثير,ar,[],[],[],0,0,0,[],[],https://twitter.com/iitt24/status/1246529449631387650,FALSE,,0
تقييمكم للتميز + لايك لو ودكم تلعبون معي  https://t.co/rvueue5OV5,ar,[],[],['https://pbs.twimg.com/media/EUwbSdbX0AAqdc7.jpg'],5,0,4,[],[],https://twitter.com/Tuz_41/status/1246401259390844928,FALSE,,1
شرايكم تلعبون معي لودو؟,ar,[],[],[],0,0,3,[],[],https://twitter.com/angels9q/status/1246329279933296641,FALSE,,0
ليه ماتجون تلعبون معي لودو فويس وتخلوني اغني لكم، اوكيه قلنا منبوذين بس مو لهالدرجه؟!,ar,[],[],[],0,0,0,[],[],https://twitter.com/li34ll/status/1246276239779921922,FALSE,,0
@ateuxi محد قال لكم تلعبون معي😭😭,ar,[],[],[],0,0,0,[],[],https://twitter.com/1atxo/status/1246178678406553601,FALSE,,0
اتمنى كلكم تلعبون معي  https://t.co/xntNs8L98U,ar,[],[],['https://pbs.twimg.com/media/EUsKV18XgAEYhmb.jpg'],0,0,0,[],[],https://twitter.com/lohav/status/1246101098953408515,FALSE,,1
اكتشفت انه لا تعطوني غير تريسر غيرها اترول صدقوني واذا لعبي ماش بذا اليوم لا تلعبون معي نصيحة 😔💔,ar,[],[],[],1,0,0,[],[],https://twitter.com/Zeyadd_14/status/1246097210208632839,FALSE,,0
@suvillll وش ذا ليه تلعبون معي وانتو حبايب وتتفقون علي😔؟,ar,[],[],[],1,0,0,[],[],https://twitter.com/iiQzl/status/1246082370668806145,FALSE,,0
أصدقائي هل تلعبون معي لودو ؟,ar,[],[],[],0,0,0,[],[],https://twitter.com/l1x_l/status/1245816604501454848,FALSE,,0
تلعبون معي لودو 🙃,ar,[],[],[],0,0,3,[],[],https://twitter.com/n25_as/status/1245811138132152320,FALSE,,0
تلعبون معي لودو؟🥺,ar,[],[],[],4,0,12,[],[],https://twitter.com/Nlr_5/status/1245803125451227136,FALSE,,0
[ويفيرس]  تاي: من الممكن أن يرغب الأرمي في الخروج ولكن لا يستطيعون بسبب كورونا، الخطة كانت البقاء في المنزل بينما تلعبون الألعاب معي ولكن إكتشفت أن هنالك أرمي يذهبوا لمقهى الإنترنت.. لا تذهبوا، أنا لم أفكر بهذا  https://t.co/gK18NwhrO7,ar,[],[],['https://pbs.twimg.com/media/EUncTMfUUAEKtgq.jpg'],0,0,1,[],[],https://twitter.com/Tinakook11/status/1245768996743311360,FALSE,,1
🐯: من الممكن أن يرغب الأرمي في الخروج ولكن لا يستطيعون بسبب كورونا، الخطة كانت البقاء في المنزل بينما تلعبون الألعاب معي ولكن إكتشفت أن هنالك أرمي يذهبوا لمقهى الإنترنت.. لا تذهبوا، أنا لم أفكر بهذا. خايف علينا💛 @BTS_twt  https://t.co/Lq9I5qIrVn,ar,"[{'screen_name': 'bts_twt', 'name': '방탄소년단', 'id': '335141638'}]",[],['https://pbs.twimg.com/media/EUnOtDwWsAIalI5.jpg'],0,0,8,[],[],https://twitter.com/Ji51Ju/status/1245754049753948160,FALSE,,1
ويفرس 💫2.4.20 تيهيونق قام بنشر منشور:    🐯: من الممكن أن يرغب الأرمي في الخروج ولكن لا يستطيعون بسبب كورونا، الخطة كانت البقاء في المنزل بينما تلعبون الألعاب معي ولكن إكتشفت أن هنالك أرمي يذهبوا لمقهى الإنترنت.. لا تذهبوا، أنا لم أفكر به @BTS_twt @BigHitEnt  https://t.co/QnXml8ykPk,ar,"[{'screen_name': 'bts_twt', 'name': '방탄소년단', 'id': '335141638'}, {'screen_name': 'bighitent', 'name': 'bighit entertainment', 'id': '168683422'}]",[],['https://pbs.twimg.com/media/EUnN7U7WoAAZdpX.jpg'],0,0,16,[],[],https://twitter.com/Eagle_Egypt_BTS/status/1245753200180953089,FALSE,,1
"ياعمرييي تاي كتب بالويفيرس""من الممكن أن يرغب الآرمي في الخروج ولكن لا يستطيعون بسبب كورونا، الخطة كانت البقاء في المنزل بينما تلعبون الألعاب معي ولكن اكتشفت أن هنالك آرمي يذهبوا لمقهى الإنترنت.. لا تذهبوا، أنا لم أفكر بهذا""  استغربت أنه حذف تحديثاته اليوم وكان هذا السبب، لطيف):💜",ar,[],[],[],0,0,5,[],[],https://twitter.com/Faibts7/status/1245749082804621312,FALSE,,0
ويڤيرس     تيهيونق قام بنشر منشور:     🐯: من الممكن أن يرغب الأرمي في الخروج ولكن لا يستطيعون بسبب كورونا، الخطة كانت البقاء في المنزل بينما تلعبون الألعاب معي ولكن إكتشفت أن هنالك أرمي يذهبوا لمقهى الإنترنت.. لا تذهبوا، أنا لم أفكر بهذا  @BTS_twt  https://t.co/u9NzOLTri6,ar,"[{'screen_name': 'bts_twt', 'name': '방탄소년단', 'id': '335141638'}]",[],['https://pbs.twimg.com/media/EUnHLMHX0AIb5cB.jpg'],0,0,0,[],[],https://twitter.com/BTS_korean0/status/1245745775180644354,FALSE,,1
20.04.02🌟~| ويڤيرس     تيهيونق قام بنشر منشور:     🐯: من الممكن أن يرغب الأرمي في الخروج ولكن لا يستطيعون بسبب كورونا، الخطة كانت البقاء في المنزل بينما تلعبون الألعاب معي ولكن إكتشفت أن هنالك أرمي يذهبوا لمقهى الإنترنت.. لا تذهبوا، أنا لم أفكر بهذا  @BTS_twt  https://t.co/DOWYpxglzk,ar,"[{'screen_name': 'bts_twt', 'name': '방탄소년단', 'id': '335141638'}]",[],['https://pbs.twimg.com/media/EUnGvJDXgAEjBMk.jpg'],48,91,859,[],[],https://twitter.com/Taehyung_arab/status/1245745291770421248,FALSE,,1
شرايكم تجون تلعبون معي ببجي,ar,[],[],[],0,0,0,[],[],https://twitter.com/La3raadl/status/1245616201717276672,FALSE,,0
ابي العب لووودو تلعبون معي؟  https://t.co/fww8zDv4Yl,ar,[],[],['https://pbs.twimg.com/tweet_video_thumb/EUjxMSBXYAAxzfn.jpg'],3,0,1,[],[],https://twitter.com/iinenll/status/1245510500752003076,FALSE,,1
تلعبون معي لودو؟,ar,[],[],[],1,0,9,[],[],https://twitter.com/iovcx1/status/1245464156846936065,FALSE,,0
اقول بس يعني اذا ودكم تشترونها و تلعبون معي  https://t.co/zr6vRFAchz,ar,[],[],['https://pbs.twimg.com/media/EUhtkolXkAIt9ml.jpg'],15,2,6,[],[],https://twitter.com/iBBHOOD/status/1245365786362986496,FALSE,,1
@iiiii8c تلعبون معي كمان؟، 🌝🌝لودو الجديده,ar,[],[],[],0,0,0,[],[],https://twitter.com/tii8f/status/1245325539616993280,FALSE,,0
شرايكم تلعبون معي لودو؟؟؟؟؟؟؟؟,ar,[],[],[],0,0,0,[],[],https://twitter.com/i_reg77/status/1245131778970583046,FALSE,,0
@IWaleedIl اتمنى ها المقاطع تشجعكم تجون تلعبون معي,ar,[],[],[],0,0,0,[],[],https://twitter.com/ItsAbdu1/status/1245098718895976449,FALSE,,0
تلعبون معي ولا اروح اكمل مسلسلي ؟,ar,[],[],[],4,2,29,[],[],https://twitter.com/1__aml/status/1245078032328597507,FALSE,,0
حملو لودو الجديده عشان تلعبون معي بعدين,ar,[],[],[],0,0,0,[],[],https://twitter.com/_12IlU/status/1245060797690191879,FALSE,,0
@eXtraStores لي اسبوع اطارد وراكم و انتم تلعبون معي,ar,[],[],[],0,0,0,[],[],https://twitter.com/TheReal_Naif/status/1245005262555095040,FALSE,,0
#لودو_الجديده اخوكم في الله من جيل الطيبين في لودو القديمه عادي تلعبون معي في الجديده :(  https://t.co/h1cdkGmF1l,ar,[],[],['https://pbs.twimg.com/media/EUbgHQGWAAIQJ65.jpg'],0,0,0,['لودو_الجديده'],[],https://twitter.com/tu_rki1993/status/1244928770231930880,FALSE,,1
تلعبون معي والا اروح العب مع الباكستانيين,ar,[],[],[],2,0,1,[],[],https://twitter.com/re9912re7/status/1244832271502360576,FALSE,,0
شرايكم تلعبون معي بما ان تيمي نبذوني,ar,[],[],[],1,0,0,[],[],https://twitter.com/leed__l/status/1244807689793912832,FALSE,,0
تلعبون بلاتو؟ ابي احد يلعب معي,ar,[],[],[],0,0,0,[],[],https://twitter.com/Shod9hox/status/1244674952185417729,FALSE,,0
تلعبون معي شيشش,ar,[],[],[],0,0,0,[],[],https://twitter.com/nabeponss/status/1244641706466856961,FALSE,,0
يعني ماتبون تلعبون معي؟؟؟,ar,[],[],[],1,0,0,[],[],https://twitter.com/Justhaneen_/status/1244583308538908672,FALSE,,0
@ahmed___2030 هي تشتغل معي لكن اذا دخلت رقم الغرفة يقول انكم تلعبون😬,ar,[],[],[],1,0,0,[],[],https://twitter.com/mohd2436/status/1244574578229329923,FALSE,,0
@tX1jr م تلعبون معي 🌞,ar,[],[],[],0,0,0,[],[],https://twitter.com/D6_90/status/1244517048224485376,FALSE,,0
بنزل رابط لودو خلكم مستعدين تلعبون معي,ar,[],[],[],3,0,1,[],[],https://twitter.com/_Einy/status/1244402193853222914,FALSE,,0
@mttiu9 عشان تلعبون معي😔,ar,[],[],[],0,0,0,[],[],https://twitter.com/llx_illl/status/1244316412946067467,FALSE,,0
تبون تلعبون معي :)🙇🏻‍♀️؟,ar,[],[],[],1,0,7,[],[],https://twitter.com/8veLi_/status/1244105118133387264,FALSE,,0
تلعبون معي لودو؟,ar,[],[],[],4,0,10,[],[],https://twitter.com/iovcx1/status/1244095348961873923,FALSE,,0
اذا حليتها صور الشاشه نشوف الأسرع   من قعدة البيت .. ومافي شغل اشرايكم تلعبون معي هذة اللعبة؟   اتحداك توقفها مكانها وترسل لي الصورة 🧐  يالله من الشاطر اللي يقدر 🤣🤣   #شيماء_سبت   https://t.co/oKhQV2RpBF,ar,[],['https://www.jigsawplanet.com/?rc=play&pid=0f71aeb49383'],[],0,0,0,['شيماء_سبت'],[],https://twitter.com/abod100100/status/1243977287030235136,FALSE,,0
@proffsoor @abu_mishriy @AzizbagBag @wa7dpoet @nasser_2030m @khailan_alnssr @bakeet_9 طيب تلعبون معي كيرم هههههههه  جمعت ألعاب كثيره وصرت العب مع الأولاد 👍  https://t.co/Ccb5wOY89k,ar,[],[],['https://pbs.twimg.com/media/EUNfQ6gWAAEYX_6.jpg'],0,0,0,[],[],https://twitter.com/N__F___C/status/1243942685679013889,FALSE,,1
ممممممقنن تلعبون معي لودو ولا مو ممقن,ar,[],[],[],1,0,1,[],[],https://twitter.com/i5wr3/status/1243709650853335042,FALSE,,0
@8ilkm @7aalli @_3violet @__riii0_  تلعبون معي؟,ar,"[{'screen_name': '__riii0_', 'name': '\u200fران الح\u200fـارث\u200fـي||مقييييدة', 'id': '1191698785770049536'}]",[],[],2,0,1,[],[],https://twitter.com/4voxl/status/1243689970105278466,FALSE,,0
@stccare_ksa قسم بالله تستهبلون معي تلعبون معي والا ايش بالضبط ههههههه وربي stc يستهبلون علي  https://t.co/LaGDDig0N0,ar,[],[],"['https://pbs.twimg.com/media/EUJQxb4X0AARQB2.jpg', 'https://pbs.twimg.com/media/EUJQxb0XkAAnd_q.jpg']",1,0,0,[],[],https://twitter.com/mnawer99/status/1243645271403368456,FALSE,,1
ترا عادي تلعبون معي يالله لودو بنات,ar,[],[],[],0,0,0,[],[],https://twitter.com/m90iili/status/1243644323964608512,FALSE,,0
@IlIlld ماراح ارضى لين تلعبون معي,ar,[],[],[],0,0,0,[],[],https://twitter.com/wvvj_/status/1243609421797875714,FALSE,,0
@Solmy2030 تلعبون معي @albaderbader9  @bnr__1  @buruq2030   😂😂,ar,"[{'screen_name': 'albaderbader9', 'name': 'البدر 🇸🇦🅱🅰🅳🅴🆁', 'id': '1666555622'}, {'screen_name': 'bnr__1', 'name': 'بندركو ال عودي', 'id': '1217979030806454272'}, {'screen_name': 'buruq2030', 'name': 'طارق الجهني', 'id': '3472592775'}]",[],[],0,0,0,[],[],https://twitter.com/Amahmed92749107/status/1243607270635732994,FALSE,,0
@Solmy2030 @Amahmed92749107  @maha768y  @rooz_Alshaqra  تلعبون معي,ar,"[{'screen_name': 'maha768y', 'name': 'يارب فرجك', 'id': '1218968103050207233'}]",[],[],1,0,0,[],[],https://twitter.com/nesreen0118/status/1243603778659659785,FALSE,,0
@8ilkm @dad14540034 @azoz_aar @11iivl2  تلعبون معي,ar,"[{'screen_name': 'azoz_aar', 'name': 'aziz_ bin abdulrahman🇸🇦', 'id': '4892536457'}, {'screen_name': '11iivl2', 'name': '...', 'id': '1238569540746960896'}]",[],[],2,0,1,[],[],https://twitter.com/roro45576/status/1243602883318292481,FALSE,,0
فعاليتي في الحجر نفس حالة المتقاعد امشي واطفي اللمبات واتهاوش مع الربع  ليه كذا ليه ماسويتوه كذا 😂👴🏻  تلعبون معي كيرم طقه وحيده ☺️🥴  #خليك_في_البيت,ar,[],[],[],0,0,0,['خليك_في_البيت'],[],https://twitter.com/malak_15o/status/1243601768182939654,FALSE,,0
@8ilkm @l0xl2 @iiriix22 @_a32n  تلعبون معي 😂😂😂,ar,[],[],[],3,0,0,[],[],https://twitter.com/dosr2x/status/1243591909769187328,FALSE,,0
ما بالكم لا تكونون صريحين! لماذا تلعبون معي لعبة القط والفأر؟ حقا إن هذا لمن قلة الأدب ولعلّني لن أسمح بهذا بعد الآن!...لسوف أنهض واقفاً فأرميكم بالحقيقة كلها صفعا على وجوهكم ولسوف يرون عندئذٍ مدى الاحتقار الذي أحمله لهم!  #دوستويفسكي #الجريمة_والعقاب,ar,[],[],[],0,5,59,"['دوستويفسكي', 'الجريمة_والعقاب']",[],https://twitter.com/AseerAlkotb/status/1243589415542444035,FALSE,,0
@Solmy2030 تلعبون معي @qqwwss55  @yysff4  @hazam57,ar,"[{'screen_name': 'qqwwss55', 'name': '💙المتفائل 🏃المتفاعل✋', 'id': '1216029513144000512'}, {'screen_name': 'hazam57', 'name': 'ابوحازم', 'id': '1210554196027686912'}]",[],[],0,0,0,[],[],https://twitter.com/nagmh012/status/1243554658041376770,FALSE,,0
@Solmy2030 @0_S_00  @_7a77  @mmmnnn17  تلعبون معي😬😂  https://t.co/1bOIdIYfCN,ar,"[{'screen_name': '_7a77', 'name': 'mod.', 'id': '1356645519397953536'}, {'screen_name': 'mmmnnn17', 'name': 'موسى مدهس', 'id': '453117437'}]",[],['https://pbs.twimg.com/media/EUH84G6XsA8auvo.jpg'],1,0,0,[],[],https://twitter.com/NooNoo_546/status/1243553022761975810,FALSE,,1
@Solmy2030 @aQ10Qa @asma_0707a @hakamqasira تلعبون معي 🤣,ar,"[{'screen_name': 'hakamqasira', 'name': 'حًكمِ قَصِيّرًة', 'id': '879400378856611840'}]",[],[],0,0,0,[],[],https://twitter.com/secret_bbt/status/1243548247794352130,FALSE,,0
@Solmy2030 تلعبون معي   تم ..  @dara_x10 @amsaleh888 @zo1218583562,ar,"[{'screen_name': 'dara_x10', 'name': 'دارا', 'id': '1157351963706757120'}, {'screen_name': 'amsaleh888', 'name': 'amsaleh888', 'id': '1119405870968922113'}, {'screen_name': 'zo1218583562', 'name': '\u200f﮼زهرة ﮼ربيعَ ﮼ 🕊/ 𝑍𝑎ℎ𝑟𝑎*', 'id': '1121463241367019520'}]",[],[],1,0,1,[],[],https://twitter.com/llololl_3040/status/1243536614921588742,FALSE,,0
@8ilkm @jjee_22 @iioii_05 @7cxxz تلعبون معي😭😂😂😂,ar,"[{'screen_name': '7cxxz', 'name': '_', 'id': '1295822304736419841'}]",[],[],0,0,0,[],[],https://twitter.com/43viiii/status/1243534489097326595,FALSE,,0
@Solmy2030 تلعبون معي  @zo1218583562 @8itSoQelFJQwSuQ @7I1NHYsNH2o0AS5,ar,"[{'screen_name': 'zo1218583562', 'name': '\u200f﮼زهرة ﮼ربيعَ ﮼ 🕊/ 𝑍𝑎ℎ𝑟𝑎*', 'id': '1121463241367019520'}, {'screen_name': '7i1nhysnh2o0as5', 'name': 'مهمومه وطبعي كتومه✋', 'id': '1193232458680086529'}]",[],[],1,0,1,[],[],https://twitter.com/abubandr2030/status/1243530702932652035,FALSE,,0
@Solmy2030 @TARIQALNOFAL @iAl3eez @ghadahaleidi تلعبون معي 🏃‍♀️🏃‍♀️🏃‍♀️🏃‍♀️,ar,"[{'screen_name': 'ial3eez', 'name': 'عزيز تقني', 'id': '243210932'}, {'screen_name': 'ghadahaleidi', 'name': 'غادة العيدي', 'id': '457680984'}]",[],[],0,0,0,[],[],https://twitter.com/coshcola/status/1243530338225225728,FALSE,,0
@Solmy2030 @mogrm_88  @055tnt  @gh_klq  تلعبون معي  https://t.co/PikKwm59mG,ar,"[{'screen_name': '055tnt', 'name': 'فتى المدينة 𖤐❗️\uf8ff🎻', 'id': '3249210540'}, {'screen_name': 'gh_klq', 'name': 'فخم💛', 'id': '1218902670444060674'}]",[],['https://pbs.twimg.com/media/EUHoGWHXQAAeT8g.jpg'],0,0,0,[],[],https://twitter.com/arooojh1403hh/status/1243530176119681026,FALSE,,1
@8ilkm @r99n_d @p__ilx @cijlp تلعبون معي؟😂,ar,"[{'screen_name': 'cijlp', 'name': 'غدير إلروُقي.', 'id': '1172949239963561984'}]",[],[],2,0,1,[],[],https://twitter.com/v_hhii/status/1243514117882871809,FALSE,,0
فعاليتي في الحجر نفس حالة المتقاعد امشي واطفي اللمبات واتهاوش مع الربع  ليه كذا ليه ماسويتوه كذا 🤪🤕  تلعبون معي كيرم طقه وحيده ☺️  #الحجر_المنزلي,ar,[],[],[],2,1,0,['الحجر_المنزلي'],[],https://twitter.com/iewe_/status/1243481482775142400,FALSE,,0
@8ilkm @58iiili @Ullz_ @w9hli تلعبون معي ؟ ههههههههههههههههههههههههههههههههههههههههههههههههههههه.,ar,"[{'screen_name': 'ullz_', 'name': 'َ', 'id': '1148524404189618176'}, {'screen_name': 'w9hli', 'name': '\u200fنوفﺇلخالد', 'id': '1034183039407063041'}]",[],[],0,0,0,[],[],https://twitter.com/wxiih/status/1243267415556763648,FALSE,,0
منشن@ اول ثلاث اشخاص وقول لهم تلعبون معي ؟  https://t.co/VmIxHr479y,ar,[],[],[],107,12,250,[],[],https://twitter.com/8ilkm/status/1243267139374628865,FALSE,,1
شرايكم تلعبون معي؟,ar,[],[],[],2,0,4,[],[],https://twitter.com/ulxzv/status/1243222506401660930,FALSE,,0
مسموح تلعبون معي  https://t.co/MEeuYkRVwV,ar,[],[],['https://pbs.twimg.com/media/EUDQI9MXgAI1RNI.jpg'],0,0,0,[],[],https://twitter.com/Justhaneen_/status/1243222369566679046,FALSE,,1
@Hilal_Asia_2019 شفيكم تبون تلعبون معي الحين روح العب رايفلز🏃🏽‍♂️,ar,[],[],[],2,0,0,[],[],https://twitter.com/faxc_/status/1243075485116051461,FALSE,,0
@fut_fifaa قل ما نفع معي 92 ريتنق وسيء انتم مدري كيف تلعبون بس عيبه اللياقه والانهاء ، الانهاء تحلها بصياد وخلصنا احصائياته معي بطلعه لاعب 55 مباراه مسجل 81 هدف وصنع 31 ؟ هدوء دربلينق باصات كنترول ولفه بمنطقة الجزاء خيال تبون واحد كذب يعني ؟,ar,[],[],[],1,0,0,[],[],https://twitter.com/Al3neezy1/status/1243000030786662400,FALSE,,0
مابي تلعبون معي طبعًا..,ar,[],[],[],2,2,5,[],[],https://twitter.com/lll69IIl/status/1242931581423149057,FALSE,,0
تلعبون معي لودو ؟,ar,[],[],[],0,0,5,[],[],https://twitter.com/Nlr_5/status/1242908775188770825,FALSE,,0
تلعبون معي فورت؟,ar,[],[],[],0,0,0,[],[],https://twitter.com/iiNawafHB/status/1242850378804334594,FALSE,,0
من قعدة البيت .. ومافي شغل اشرايكم تلعبون معي هذة اللعبة؟   اتحداك توقفها مكانها وترسل لي الصورة 🧐  يالله من الشاطر اللي يقدر 🤣#  https://t.co/FkAiherTPb  https://t.co/UrxN8qoiBH,ar,[],[],[],0,0,0,[],[],https://twitter.com/ghatan555/status/1242705390598524928,FALSE,,1
الكوبل لاحقيني في كل مكان حتى في بلاتو الله ياخذكم ليش تلعبون معي,ar,[],[],[],0,0,0,[],[],https://twitter.com/i88ii_/status/1242703689007104001,FALSE,,0
من قعدة البيت .. ومافي شغل اشرايكم تلعبون معي هذة اللعبة؟   اتحداك توقفها مكانها وترسل لي الصورة 🧐  يالله من الشاطر اللي يقدر 😅😅😅 خليك فى البيت  https://t.co/Q7XtqNzFg4,ar,[],[],[],0,0,0,[],[],https://twitter.com/mddm55616/status/1242690412847992834,FALSE,,1
من قعدة البيت .. ومافي شغل اشرايكم تلعبون معي هذة اللعبة؟   اتحداك توقفها مكانها وترسل لي الصورة 🧐  يالله من الشاطر اللي يقدر 🤣🤣  #الحظر_اليوم_الثاني  #StayHome  #كورونا_البحرين  #خليك_بالبيت  https://t.co/KrgUXE7EUs,ar,[],[],[],230,34,121,"['الحظر_اليوم_الثاني', 'stayhome', 'كورونا_البحرين', 'خليك_بالبيت']",[],https://twitter.com/shaimasabt/status/1242576959441338371,FALSE,,1
الي ما حمل لودو وش ينتظر ؟ يلا حملوها واستغلوا فرصه تلعبون معي هههههه❤️,ar,[],[],[],2,0,0,[],[],https://twitter.com/Modi_i7/status/1242560353961197570,FALSE,,0
تلعبون معي لودو؟,ar,[],[],[],3,0,0,[],[],https://twitter.com/nwiiiro/status/1242537612184862721,FALSE,,0
#الحظر_اليوم_الثاني  بما انه وقت حظر الحين شرايكم تلعبون معي لودو الجديده 5996679  وبسس,ar,[],[],[],0,0,0,['الحظر_اليوم_الثاني'],[],https://twitter.com/HelalBn/status/1242533836963098625,FALSE,,0
لو بكرة دوام كان جوالي مليان تنبيهات و كلكم تبون تلعبون معي و عندكم فعاليات و لكن من حجرونا في البيت و انت مختفيين😞,ar,[],[],[],2,0,0,[],[],https://twitter.com/MusabVentoAureo/status/1242494798734508032,FALSE,,0
تجون تلعبون معي,ar,[],[],[],5,0,3,[],[],https://twitter.com/AR_hfc3/status/1242317168643051524,FALSE,,0
تلعبون معي لودو الجديده؟,ar,[],[],[],1,0,0,[],[],https://twitter.com/AR_hfc3/status/1242028396177248257,FALSE,,0
@Qsiin_ @Qhtan24 فوزتك لا تحاولي معي يالمنوبة انا تراكم تلعبون اللعبة من قرون توي ٤ اشهر بس,ar,[],[],[],2,0,0,[],[],https://twitter.com/alxaraaag/status/1241840239477473292,FALSE,,0
شرايكم تلعبون معي  https://t.co/RoeyaLbZwl,ar,[],[],['https://pbs.twimg.com/media/ETr5DRuXgAIZLmD.jpg'],0,0,0,[],[],https://twitter.com/somonetoyou/status/1241578497954533378,FALSE,,1
اتحداكم تجون تلعبون معي لودو,ar,[],[],[],0,0,0,[],[],https://twitter.com/milan7ii/status/1241557350676344837,FALSE,,0
نجدد الولاء لـ لودو ، تلعبون معي ؟,ar,[],[],[],2,1,1,[],[],https://twitter.com/Alruq2i/status/1241456630631403522,FALSE,,0
أقول ماودكم تلعبون معي لودو ؟  https://t.co/8XnVjTj1P5,ar,[],[],['https://pbs.twimg.com/media/ETqAfCsX0AYSDow.jpg'],6,0,0,[],[],https://twitter.com/_Ier9/status/1241445924322324480,FALSE,,1
@SaudiNews50 تلعبون فورت معي ؟ 1ve1!,ar,[],[],[],0,0,0,[],[],https://twitter.com/alemda120/status/1241428298892292101,FALSE,,0
عزيزتي المغرده لو اكتشفت انك مو بنت وانك رجال راح اسدح حسابك ب التايم وافضحك عشان كذا لا تلعبون معي خلوكم بعيدين عني 🙂,ar,[],[],[],17,0,9,[],[],https://twitter.com/jooj___67/status/1241121022323105792,FALSE,,0
تلعبون معي لودو؟ 😔,ar,[],[],[],2,0,4,[],[],https://twitter.com/0xnaR/status/1241047820997713922,FALSE,,0
@Just_u7 معي سكلتون بنفسجي تلعبون 2؟2,ar,[],[],[],0,0,0,[],[],https://twitter.com/Thim1_/status/1240819510023794688,FALSE,,0
@rrrreeeemmmas @iksoxe7 طيب شرايكم تلعبون معي,ar,[],[],[],0,0,0,[],[],https://twitter.com/onlyrenhere/status/1240794008080834560,FALSE,,0
شرايكم تلعبون معي لودو؟؟,ar,[],[],[],3,0,0,[],[],https://twitter.com/oqiiipo/status/1240785322222530561,FALSE,,0
لو بنزل Monster Hunter تلعبون معي ؟ ☻,und,[],[],[],2,0,0,[],[],https://twitter.com/n_anime/status/1240572435977699329,FALSE,,0
1v1 ؟؟ لازم اكون بنت عشان تلعبون معي ??,ar,[],[],[],0,0,0,[],[],https://twitter.com/welzfnn/status/1240568327631704065,FALSE,,0
انا مافيني نوم وطفشانه ي انكم تجون تسولفون معي او تلعبون معي,ar,[],[],[],0,0,7,[],[],https://twitter.com/f9xim/status/1240475642384220162,FALSE,,0
🔴ياجماعه حملوا لودو عشان تلعبون معي لوسمحتوا يعني🔴,ar,[],[],[],0,0,0,[],[],https://twitter.com/_x6rry/status/1240385505574912001,FALSE,,0
وش رايكم تجون تلعبون معي  https://t.co/Ky0Gv4103L,ar,[],[],['https://pbs.twimg.com/media/ETZVYarXsAE-XCQ.jpg'],0,0,0,[],[],https://twitter.com/wi_iiiiii/status/1240272632173518849,FALSE,,1
@3leesh_8 السلام عليكم انا معي اخوياي تلعبون؟؟,ar,[],[],[],0,0,0,[],[],https://twitter.com/v3G83kcWVDqt0bQ/status/1240125581225754624,FALSE,,0
@iEbwar انا معي اخوياي تلعبون؟,ar,[],[],[],0,0,1,[],[],https://twitter.com/v3G83kcWVDqt0bQ/status/1240124952487112710,FALSE,,0
- رجعت العب فيفا اذا ودكم تلعبون معي - اكتشفت ان عندنا شيش بالبيت وصرت العب مع اهلي  - حللت اشتراك نيتفلكس وقاعد اتابع مسلسلات بشكل غير طبيعي - صرت انام واجد - احد مزايا الحجر اني ما صرت اكل مطاعم 👍🏻👍🏻,ar,[],[],[],0,0,0,[],[],https://twitter.com/F9_Hilal/status/1240085903864991746,FALSE,,0
#شريان_قلبي_يقول  يقول شرايكم تجون تلعبون معي #ببحي وتخلون القلب وحاله,ar,[],[],[],0,1,0,"['شريان_قلبي_يقول', 'ببحي']",[],https://twitter.com/kuniv_05/status/1239995178200555521,FALSE,,0
لو سمحتو لا تلعبون كود قفلو اللعبه معلق معي مب راضي يدخلني,ar,[],[],[],6,0,8,[],[],https://twitter.com/RaanXD_/status/1239989297899601922,FALSE,,0
مو علشاني بيضه م تلعبون معي 😩🏃‍♀️  https://t.co/GDHV98YK30,ar,[],[],['https://pbs.twimg.com/media/ETQ3NNNWkA45jKR.jpg'],4,0,0,[],[],https://twitter.com/se_meii/status/1239676499785121798,FALSE,,1
تلعبون معي ولا اكتب بالشات تيم مطل*ات؟,ar,[],[],[],0,0,0,[],[],https://twitter.com/aaii313/status/1239331579245268993,FALSE,,0
يعني لاصديقتي ترد ولا انتم الون تلعبون معي شنسوي يعني ؟ اروح انام؟ لا معصي توي مخلصه شغل ومبسوطه,ar,[],[],[],0,0,0,[],[],https://twitter.com/r_intj/status/1239321096589099010,FALSE,,0
ليه ما تلعبون معي اوفر احس حزنت 😞,ar,[],[],[],1,0,0,[],[],https://twitter.com/veunll/status/1238982104760844288,FALSE,,0
م ودكم تلعبون معي ببجي؟,ar,[],[],[],1,0,4,[],[],https://twitter.com/3miii6/status/1238976766741549061,FALSE,,0
#لودو_ستار في احد يلعب معي ولا انتو ما تلعبون الا العاب اجنبيه😏  https://t.co/w91dTk7AHu,ar,[],[],['https://pbs.twimg.com/media/ETDeD06WAAAKCWE.jpg'],0,0,0,['لودو_ستار'],[],https://twitter.com/smile_lol_90/status/1238734066012348417,FALSE,,1
ماتلعبون ببجي الحين اعلمكم كيف تلعبون معي😡😡,ar,[],[],[],0,0,1,[],[],https://twitter.com/IvTRQ/status/1238632352483606528,FALSE,,0
انا اشوف تعطوني اغاني او تلعبون معي ببجي وافككم من البث يكون احسن😭😭😭,ar,[],[],[],0,0,0,[],[],https://twitter.com/__hd73/status/1238601722970415104,FALSE,,0
"اخر الليل لن تجد الا ثلاثه : 1ـ عاشق يتغزل بمن يحب 2 ـ فتاه تبكي علئ من تحب 3 ـ وانا العب ""اونو"" تلعبون معي😁؟ امانه لاتستحون .",ar,[],[],[],4,0,10,[],[],https://twitter.com/m_a_m_100/status/1238232466818727940,FALSE,,0
شرايكم تلعبون معي ؟   #Warzone,ar,[],[],[],0,0,0,['warzone'],[],https://twitter.com/iH9li/status/1238156102606487552,FALSE,,0
#يا_محمد__يا_قلبي_انت تلعبون معي ببجي,ar,[],[],[],3,0,0,['يا_محمد__يا_قلبي_انت'],[],https://twitter.com/7anEfEerZWUExgh/status/1238146377424736259,FALSE,,0
@SuraSeyit_ @il__SD بحملها تلعبون معي ؟,ar,[],[],[],3,0,0,[],[],https://twitter.com/mcnism/status/1237871875771912197,FALSE,,0
لو اشغل تلعبون معي فورت؟,ar,[],[],[],0,0,0,[],[],https://twitter.com/ii3zuxx/status/1237713913770369024,FALSE,,0
ولا شكلكم تعرفون بس ماتبون تلعبون معي😔  اخخ يانوره طالعي في نفسك من يحبك 💔,ar,[],[],[],0,0,0,[],[],https://twitter.com/noura_wx/status/1237457333736873989,FALSE,,0
وربيييييي يبنات لو طلعتوا تلعبون معي م احللكم انا عايشه قصة حب وخروا عني ..,ar,[],[],[],1,0,0,[],[],https://twitter.com/x2_nin/status/1237087933926170625,FALSE,,0
@ArabV_twt حدث بالويفرس 😭😭😭😭😭😭😭بس ماصور نفسه بس كلام يقول  تبون تلعبون معي 😭😭😭😭😭😭😭😭😭😭😭😭😭😭,ar,[],[],[],0,0,1,[],[],https://twitter.com/Keezu1/status/1237016807439032320,FALSE,,0
تاي يسألهم تبون تلعبون معي يعني بيلعب معهم وكالعادة بشغل مود الصياح وانا اشوفهم 💔,ar,[],[],[],0,0,1,[],[],https://twitter.com/iiian97/status/1236981402995998720,FALSE,,0
@SARA_and_Sultan تلعبون معي,ar,[],[],[],1,0,0,[],[],https://twitter.com/6TxerVN3AzyrpWI/status/1236920639640002560,FALSE,,0